"c","V1","V2","V3"
3,6.380095,19.50401,3.60626829764806
3,15.4881,21.71908,3.93764197290875
3,3.572731,-3.078149,3.26435206760652
3,26.35669,20.47212,3.38009391934611
3,14.78471,23.34586,3.80748338904232
3,-1.279279,0.9330042,3.97807572525926
3,0.01129247,8.008012,3.95793371647596
3,5.984768,1.961941,3.76273185643367
3,8.858572,17.18472,3.50964853493497
3,19.37649,2.122504,3.06447679526173
3,9.10579,19.51155,3.64357276516967
3,9.643453,6.241649,3.91590888425708
3,-3.109174,18.91863,3.09523258078843
3,10.541,-3.394954,3.29537280299701
3,4.573325,11.78297,3.76993169891648
3,22.98676,10.07359,3.25589352590032
3,-10.77961,14.08271,3.51789572602138
3,5.63292,18.08959,3.67784993047826
3,5.782557,12.32168,3.1472278193105
3,27.1903,10.58244,3.70052604493685
3,8.92082,30.34188,3.95799253485166
3,-1.781047,10.98773,3.82862505898811
3,-0.7274996,-7.879213,3.11927880300209
3,23.33998,16.66643,3.24034099117853
3,16.00585,1.374964,3.7431884878315
3,22.97108,15.7172,3.31579762161709
3,8.993785,-9.014578,3.35622543492354
3,8.249774,-2.679776,3.91435987967998
3,5.368688,12.60516,3.27440154110081
3,25.45515,22.22258,3.43333807238378
3,16.10149,11.38547,3.52177349315025
3,25.9423,5.396589,3.12616913719103
3,13.96851,23.8073,3.95615189196542
3,1.059773,2.482886,3.76000278489664
3,11.19896,27.34923,3.13689570873976
3,10.01848,12.379,3.93086507171392
3,-5.964017,14.30957,3.38618286070414
3,14.69272,13.94027,3.05922304629348
3,5.162226,-3.949188,3.98635738878511
3,16.13654,2.491281,3.76690692524426
3,-8.427487,17.28569,3.69803210766986
3,17.46026,23.52985,3.72332906373776
3,4.839787,2.035094,3.08002283610404
3,24.78075,8.787683,3.9386823666282
3,3.28531,-2.704306,3.97804057272151
3,1.317184,13.35289,3.82670483947732
3,5.000647,13.50562,3.11738552083261
3,-2.902717,2.24029,3.42240889999084
3,12.86082,12.72926,3.57549462537281
3,6.369858,11.56653,3.98599541373551
3,5.91316,24.22981,3.12105363490991
3,-4.098757,-5.008349,3.33296557120048
3,-0.7625945,18.5798,3.48481132136658
3,15.58506,11.27319,3.82371378457174
3,5.403196,11.22043,3.99071879149415
3,-1.124667,31.28172,3.89870297675952
3,6.120589,10.16824,3.91825453913771
3,6.07585,31.16029,3.44308408978395
3,-8.399909,8.830895,3.28762638312764
3,2.199297,12.84548,3.21461517177522
3,8.845364,21.62596,3.25096396030858
3,-14.18104,1.871214,3.9044742770493
3,34.64086,11.64993,3.68879532068968
3,-0.7696695,8.42469,3.61779526621103
3,-6.12447,23.05465,3.11912135127932
3,-14.65142,10.9695,3.6105495293159
3,11.58703,14.49658,3.14486423763447
3,0.8204501,10.62322,3.99037851160392
3,28.5049,10.30336,3.87241942482069
3,-8.36784,4.386019,3.08250116021372
3,32.45148,7.488423,3.43633605283685
3,6.733568,18.12497,3.54365882044658
3,10.64451,16.76856,3.73581400490366
3,3.219324,19.57019,3.41945723141544
3,10.74578,27.00378,3.94705651071854
3,4.207717,2.851358,3.07714568125084
3,13.87413,13.78015,3.42328376648948
3,-10.31962,15.46054,3.93147629173473
3,11.65267,1.74313,3.05394039256498
3,25.78439,2.961885,3.30050066276453
3,12.48763,18.15628,3.1880340622738
3,7.276056,14.08258,3.09770574443974
3,9.188286,18.24487,3.33274922636338
3,7.066136,17.03944,3.78447210951708
3,2.462034,7.644942,3.33664979506284
3,12.10048,15.32802,3.49656294775195
3,-0.531199,13.14534,3.43231079773977
3,10.19152,5.414252,3.56027702777646
3,8.34839,17.09359,3.59708570269868
3,-7.409304,15.4642,3.73906783130951
3,15.99423,13.51288,3.22790989628993
3,-6.608865,-0.9393074,3.12041726242751
3,13.86558,6.094001,3.39206377742812
3,24.64994,6.494246,3.44360372843221
3,20.51858,17.59508,3.96596770244651
3,11.26143,2.013683,3.43303458811715
3,5.034868,7.499159,3.50567824509926
3,1.19408,23.50754,3.66630504722707
3,13.19178,12.76363,3.57457843376324
3,9.728273,11.80716,3.1390171777457
3,13.9332,15.7472,3.47841432387941
3,18.43648,12.18253,3.78665702813305
3,12.60749,32.6225,3.67782008950599
3,6.429051,1.972634,3.19755233963951
3,12.33216,-14.73958,3.2753303728532
3,17.02514,8.819268,3.56237443373539
3,39.89024,23.99687,3.89675180148333
3,20.98933,17.29635,3.8408953237813
3,11.65338,-5.657587,3.12603643885814
3,15.09138,25.02662,3.7441735630855
3,11.22707,-8.075131,3.86095579550602
3,10.76558,-4.988425,3.20124531257898
3,3.910868,18.41193,3.06313280644827
3,9.769555,15.26871,3.3595284379553
3,12.98944,5.868339,3.05777356075123
3,15.62113,6.474136,3.95714467274956
3,10.13399,-2.499796,3.45458218432032
3,1.27228,6.644602,3.66606878349558
3,28.93972,2.331538,3.54427476250567
3,-10.50514,20.75097,3.21025952300988
3,0.2242924,22.1642,3.58478013402782
3,23.20978,11.40963,3.47439426020719
3,17.61025,1.974165,3.71013386081904
3,7.37956,-5.537147,3.60166530567221
3,10.10124,5.680655,3.14468161761761
3,18.15361,9.892188,3.64469614787959
3,21.83601,26.09115,3.0536935441196
3,19.94091,14.92146,3.50629268516786
3,-1.475135,8.28278,3.36762467725202
3,-7.943031,-3.830219,3.77859435672872
3,11.30458,8.819062,3.58118962356821
3,20.7643,6.118451,3.4540148738306
3,12.46828,7.275093,3.41124441660941
3,16.64017,1.672324,3.2321402032394
3,-11.45466,7.741682,3.18151419074275
3,7.891755,-8.190833,3.12127485871315
3,5.29503,24.11116,3.2095136619173
3,6.695052,20.8704,3.97060220246203
3,5.536268,15.65921,3.70989688718691
3,-1.786147,18.38471,3.36401871591806
3,10.10925,19.37812,3.34857226838358
3,12.36446,25.65443,3.21488423179835
3,24.26076,6.211672,3.32734885509126
3,-2.913374,-0.5345634,3.74835139047354
3,19.30486,14.99081,3.49156745360233
3,-7.134083,-5.31856,3.15323215629905
3,6.658128,-0.8207126,3.27444727136753
3,13.56779,3.181591,3.02883501769975
3,9.165157,12.44468,3.37795117078349
3,16.57652,19.44045,3.91439032601193
3,13.04035,25.82305,3.24773568985984
3,12.10189,-7.604383,3.37115763616748
3,3.820956,7.389069,3.4199365763925
3,10.48589,11.97492,3.76542324200273
3,15.89318,17.60414,3.86796014616266
3,4.465372,18.83929,3.78693346888758
3,6.583345,25.99912,3.795597726712
3,-3.657566,8.821053,3.82780272420496
3,9.940546,-12.20743,3.89451798400842
3,28.13562,-7.671818,3.03296509291977
3,7.351463,3.724133,3.99544765613973
3,25.14936,4.756451,3.8742002628278
3,-6.347524,11.70047,3.47964683780447
3,8.469816,1.854826,3.94611890544184
3,15.9227,21.05449,3.98703284887597
3,13.16243,22.88495,3.72426392394118
3,6.61163,7.602462,3.49446599930525
3,14.55212,-1.466516,3.19814509502612
3,5.984364,2.761451,3.06088344031014
3,-2.990747,18.67975,3.95090619497932
3,10.47763,13.9604,3.08381039579399
3,15.70686,3.711452,3.82338039879687
3,31.10299,3.897385,3.93054613401182
3,-0.2682848,14.07392,3.00289455894381
3,15.77137,3.525233,3.39939169050194
3,-4.961974,27.05419,3.67972337524407
3,10.78593,2.022093,3.37210611742921
3,18.0671,31.1079,3.40212002722546
3,7.007197,16.15708,3.23372366977856
3,5.324583,16.39802,3.65766333881766
3,25.69982,3.056635,3.02544841682538
3,20.72,23.58926,3.11675089853816
3,2.090151,9.11213,3.66383048938587
3,14.57106,-6.990855,3.99928623693995
3,15.51143,-5.554229,3.88133459584787
3,25.34928,25.96264,3.79670017096214
3,-2.523716,6.682418,3.82067993469536
3,-0.2446706,-0.7271909,3.0471336862538
3,-3.787227,2.679385,3.53802826837637
3,4.146919,13.84954,3.57436445378698
3,3.629787,-4.12287,3.04604913108051
3,27.08326,19.22561,3.06859042029828
3,9.194675,18.3967,3.83899341709912
3,12.34312,2.642345,3.30073953885585
3,7.808154,4.437537,3.23952486086637
3,11.60988,7.291999,3.99262435128912
3,5.989497,8.107,3.27624629461206
3,4.259952,9.585877,3.99053990817629
3,16.38846,16.90853,3.14323509903625
3,5.568457,7.260552,3.03398572304286
3,22.8137,7.456842,3.17341212229803
3,14.04878,15.9274,3.99465382983908
3,3.027084,7.60309,3.53740984527394
3,18.73794,0.02478778,3.37781248078682
3,28.05616,31.56779,3.52641195291653
3,-0.3963638,-3.104964,3.18649890669622
3,-1.199626,12.69042,3.16092676389962
3,0.7270734,2.26189,3.29576316569
3,27.09159,15.82479,3.47125519951805
3,8.936564,4.499611,3.24828415433876
3,18.23345,15.64262,3.41166781494394
3,-0.429218,2.211029,3.05355297843926
3,15.6607,19.98972,3.44323332584463
3,14.23374,15.76271,3.99795302422717
3,5.829822,10.34468,3.70381560083479
3,4.230915,1.735521,3.42195270583034
3,12.19179,15.03855,3.35399497812614
3,5.103175,3.64185,3.87291772803292
3,7.08866,6.2657,3.17926695221104
3,0.01341287,14.39395,3.92242967267521
3,16.07051,12.18371,3.26068911328912
3,31.6029,8.55297,3.9244661394041
3,-14.94727,16.5969,3.19685378158465
3,38.0434,2.138592,3.53873788611963
3,24.30645,7.067761,3.0531484677922
3,29.12768,5.911166,3.99183241603896
3,2.734299,9.551941,3.86574285919778
3,5.490974,15.10988,3.54217587853782
3,25.76946,3.324707,3.33254515146837
3,15.67774,28.04655,3.73065462871455
3,27.45951,4.004603,3.72678024577908
3,6.71577,17.91905,3.58756936574355
3,4.453012,4.265516,3.5167361733038
3,21.77856,12.28597,3.72517873253673
3,12.709,12.25582,3.7211058549583
3,6.460027,2.503197,3.51050606300123
3,-8.207786,27.72911,3.15031071775593
3,9.914433,14.1201,3.41210177913308
3,14.48534,4.178134,3.79621912189759
3,15.60438,1.94312,3.26381109911017
3,-1.809368,9.6628,3.36053339880891
3,16.42695,-3.171427,3.38948361156508
3,6.084253,10.33377,3.574352275813
3,8.627294,-2.30743,3.48939368897118
3,14.28665,3.929615,3.41624299855903
3,-11.54532,-20.01888,3.31547999521717
3,5.575772,10.67374,3.3378649528604
3,-2.537058,10.25853,3.908047467703
3,20.09051,9.33872,3.22694694553502
3,-8.85235,13.48051,3.34680835227482
3,4.209417,17.80107,3.43406235985458
3,10.57944,13.80524,3.9723808686249
3,1.86462,11.39824,3.00825491431169
3,10.84852,18.48534,3.80463687190786
3,-0.7703359,24.88074,3.8114518080838
3,14.36989,10.3415,3.86062755784951
3,1.489437,-4.19631,3.39970738487318
3,26.44959,3.562471,3.90970334853046
3,-4.266789,3.653826,3.04953636601567
3,8.976836,18.40393,3.96594488993287
3,20.77485,13.18247,3.56605490483344
3,27.63714,19.13911,3.17025087238289
3,16.29336,8.550992,3.82228016294539
3,16.87829,14.83276,3.76769986771978
3,16.82551,9.976617,3.1685113850981
3,5.165351,6.9856,3.6931144266855
3,-0.1216837,14.11777,3.68442404503003
3,-8.032165,11.65195,3.5544814565219
3,-0.7711908,9.478467,3.87024475238286
3,7.822278,4.63563,3.04832998337224
3,-2.542693,31.29946,3.74797320459038
3,12.41543,10.05657,3.65548063907772
3,10.44706,6.147121,3.91260573151521
3,10.02766,15.33033,3.98873774055392
3,15.52898,5.241399,3.8468272103928
3,9.747575,11.99029,3.08650128799491
3,19.98159,14.5416,3.49134183395654
3,18.36432,-4.59378,3.78271280508488
3,13.22721,7.873434,3.06763556646183
3,-0.5568769,6.233604,3.37287867441773
3,7.476011,16.64447,3.15998344798572
3,-2.541061,16.41452,3.05488208937459
3,14.30498,11.84888,3.72169671440497
3,3.967357,20.72875,3.82683631079271
3,0.2271643,29.08483,3.78497113054618
3,11.57322,14.5351,3.51083775027655
3,2.318771,19.85869,3.90717331250198
3,1.748142,10.93859,3.25848252465948
3,17.78253,4.558752,3.76338117942214
3,-4.290225,4.425946,3.28023319132626
3,16.53104,4.671925,3.08368347329088
3,7.546088,10.27894,3.81079391436651
3,13.15203,8.540096,3.54096950450912
3,0.5304746,18.33461,3.81489891395904
3,21.35885,27.10033,3.03600589535199
3,-0.527498,17.29681,3.46105481288396
3,12.94586,12.23683,3.83472725120373
3,20.56008,-0.5277433,3.68026662361808
3,0.369141,-4.90859,3.58569543296471
3,10.88581,-2.084885,3.55167489056475
3,1.047853,14.6625,3.70024834782816
3,17.28469,1.17794,3.26457371562719
3,8.224514,18.21265,3.29345291759819
3,18.79663,1.558912,3.10397932888009
3,2.294629,11.46264,3.04298783955164
3,13.16382,15.70806,3.4826408084482
3,11.96874,22.31844,3.84852237021551
3,18.1468,1.836594,3.52422121330164
3,6.30985,10.4237,3.12566625582986
3,12.49809,13.02343,3.22207656572573
3,6.254294,28.35686,3.39506972627714
3,20.57987,19.25847,3.57601106981747
3,-0.675866,6.132365,3.12155640730634
3,-2.52902,29.84877,3.52314893179573
3,2.531129,31.62439,3.41602135403082
3,16.98884,14.57923,3.27223094203509
3,2.599834,20.39453,3.04255156195723
3,6.326382,0.826507,3.77333384519443
3,13.8971,7.50579,3.07517806766555
3,-5.493487,19.43579,3.86195925576612
3,21.96003,24.61082,3.79801719100215
3,7.303667,2.841022,3.7494450523518
3,22.35765,1.493998,3.68180731404573
3,2.104918,5.705926,3.30576195847243
3,26.18462,-9.62667,3.6668776392471
3,20.80766,10.34603,3.64798431331292
3,10.57028,34.39865,3.68134418665431
3,-7.880563,13.95659,3.59656528453343
3,6.534681,16.05914,3.95879676844925
3,6.421189,22.4082,3.54081732174382
3,2.536329,2.955975,3.81722136633471
3,17.02943,29.76824,3.75745943863876
3,-0.4862341,12.23679,3.61421876400709
3,1.188364,8.102704,3.99964219075628
3,-3.906957,5.578883,3.19108724989928
3,5.441873,5.874897,3.93249494954944
3,18.66013,-4.470882,3.23653698107228
3,13.33514,3.557717,3.59090606751852
3,24.12527,18.52547,3.42949130618945
3,12.98691,17.43439,3.91096181306057
3,13.35877,9.173119,3.84943592431955
3,13.41857,-0.07619125,3.26839228346944
3,5.224356,22.71993,3.02819949598052
3,10.34212,16.27103,3.0954150352627
3,-0.3693704,11.25666,3.78736942121759
3,12.91639,31.99353,3.3394589452073
3,0.9090181,24.91849,3.4622166142799
3,-1.409272,9.203924,3.71503456239589
3,-4.365977,16.91661,3.58145421254449
3,10.25595,22.35262,3.88814734714106
3,12.43669,10.23768,3.81162297842093
3,-1.170456,15.72802,3.26582482713275
3,-6.229601,23.02026,3.04427166632377
3,9.663633,25.29418,3.44607527018525
3,9.05127,12.58227,3.55400237790309
3,0.8767106,20.08131,3.18069868953899
3,4.492934,16.61764,3.88080133427866
3,15.53079,10.37215,3.65393961011432
3,0.789848,22.08501,3.64961856114678
3,15.88278,10.7026,3.78846241766587
3,15.65385,1.855822,3.51425438886508
3,7.006049,1.034778,3.93205435411073
3,18.06041,-0.4099859,3.82493458222598
3,19.50145,22.84672,3.98545323102735
3,14.34475,-0.5536328,3.45249382709153
3,6.584492,24.95815,3.53494876483455
3,0.721706,16.4536,3.12972675985657
3,8.034842,9.826132,3.35441109747626
3,22.07318,10.31959,3.66185388341546
3,8.20879,16.10261,3.7600397572387
3,-0.6540285,7.41859,3.52052403404377
3,33.90343,3.274898,3.57999929436482
3,15.55832,13.55292,3.46501371939667
3,7.387878,15.86786,3.9438253052067
3,5.051225,16.53437,3.54165424080566
3,5.229687,18.39176,3.55468739545904
3,9.339954,9.981995,3.15633609658107
3,14.02917,2.41937,3.69482556148432
3,3.084545,30.35293,3.38833301956765
3,-9.022234,3.566726,3.68714329670183
3,8.187902,10.07435,3.87075348803774
3,4.389926,10.11696,3.1834258325398
3,17.49107,9.631412,3.48369389097206
3,25.94192,6.535813,3.06040503527038
3,14.06103,2.905847,3.9093612220604
3,4.658055,-5.764765,3.53422140493058
3,19.84404,19.12729,3.65604209178127
3,15.56143,9.62353,3.64605174097233
3,7.178256,14.85566,3.24272868200205
3,22.64227,4.81697,3.75980618130416
3,-7.804288,-1.111585,3.0118333385326
3,-5.118906,7.387376,3.29481128999032
3,6.152764,14.22517,3.78452516812831
3,8.551857,24.93599,3.63613076158799
3,3.134369,-6.632367,3.32582385232672
3,-1.164893,18.86306,3.75601736176759
1,29.06922,31.39812,1.28738174866885
3,7.826419,39.47855,3.58876068354584
1,30.48439,39.33047,1.73339416552335
1,36.6763,87.27119,1.89325526310131
1,18.94383,59.33327,1.92250339058228
1,43.45898,51.92991,1.07724246452563
1,37.48009,68.55787,1.22409219574183
1,45.79938,71.73394,1.55096049862914
1,39.69381,58.77897,1.47793263709173
1,43.60521,51.59496,1.67164490255527
1,49.18213,66.20721,1.31545064109378
1,25.83677,47.10274,1.1523099669721
1,30.90342,53.13581,1.17865145159885
1,40.20493,60.96742,1.84494630177505
1,46.98463,52.61281,1.25861255638301
1,39.37106,46.29081,1.3791859394405
1,40.281,59.03583,1.69774749386124
1,40.44173,47.78119,1.89628677535802
1,37.66053,59.73406,1.93034438928589
1,38.11046,44.89672,1.5864025731571
1,48.2845,41.49009,1.00701129436493
1,49.2973,63.16118,1.4014220808167
1,22.48131,74.58899,1.07360569667071
1,52.90003,58.66274,1.77106886659749
1,39.1711,60.65303,1.34465018240735
1,46.23943,65.03093,1.5824237940833
1,38.69597,84.08148,1.69732527993619
1,40.79527,49.7543,1.1634215710219
1,42.84691,57.79911,1.38493816135451
1,65.71859,53.45975,1.14693458424881
1,32.24807,67.18962,1.91053170338273
1,37.50528,72.15233,1.27105932566337
1,46.19626,63.37228,1.59991586557589
1,46.93901,50.99902,1.52938215411268
1,30.82879,59.55766,1.17009994178079
1,53.35965,52.76179,1.18688783119433
1,48.15439,68.73672,1.15771475643851
1,33.21166,38.87962,1.06459944765083
1,29.92048,77.03939,1.70918226218782
1,37.6465,56.99416,1.86616861145012
1,35.9354,77.82079,1.63019458926283
1,47.70036,64.47489,1.19505377998576
1,25.77065,62.45383,1.55792201054282
1,41.92523,57.7624,1.4667940302752
1,34.45473,60.32253,1.33662156271748
1,30.77576,52.58115,1.79799486440606
1,26.14364,66.58151,1.50166969606653
1,47.21836,51.68076,1.27800062065944
1,55.78841,57.97879,1.24090583249927
1,43.2989,56.97968,1.63437253050506
1,40.87212,27.31616,1.92630189936608
1,49.88417,32.45283,1.77365589980036
1,20.55912,57.01987,1.09290764341131
1,25.06116,44.75805,1.99007115489803
1,26.01595,55.76411,1.3225291587878
1,37.25416,65.31094,1.04736931761727
1,53.36999,53.56238,1.31112183327787
1,38.84896,56.97574,1.96678262273781
1,39.51915,61.65769,1.97871364536695
1,37.02022,69.50709,1.86042849323712
1,50.74908,56.24477,1.13774722442031
1,35.7051,58.49562,1.28876822837628
1,44.44394,67.48245,1.76597951818258
1,54.81738,61.41306,1.55383040453307
1,45.88216,63.42376,1.52058931300417
1,39.53611,65.04189,1.75174607196823
1,44.80203,50.21186,1.32444181106985
1,29.91771,71.56391,1.53107425314374
1,25.37846,64.61015,1.68669375171885
1,41.21589,64.27742,1.91563496459275
1,51.48426,68.011,1.54232599213719
1,59.85225,60.61618,1.03903990937397
1,51.70456,47.81819,1.51427218271419
1,47.91999,46.15824,1.90118089248426
1,41.99199,65.34492,1.27702797530219
1,53.38919,71.59792,1.9844484294299
1,50.13654,58.47133,1.81558787287213
1,43.55886,50.07811,1.22257086657919
1,44.48821,73.62916,1.5157143776305
1,27.92514,67.88335,1.67226023902185
1,36.57076,72.47042,1.45716128544882
1,35.29817,65.07594,1.15280280029401
1,51.4997,63.69956,1.87388969026506
1,49.04667,65.28074,1.61800304520875
1,38.21852,56.44799,1.00121790007688
1,35.58804,44.72433,1.71099785785191
1,27.65341,61.1188,1.57310259668157
1,41.22976,53.65146,1.62999290274456
1,32.00885,46.29029,1.41439193743281
1,46.49651,55.93187,1.9726939862594
1,25.12809,45.54561,1.87797267618589
1,31.50795,35.04832,1.40694283694029
1,32.441,70.15026,1.32602543593384
1,50.46987,56.49627,1.7074272048194
1,53.02414,48.18963,1.39978418755345
1,46.28482,64.75075,1.05829784204252
1,21.90914,60.49558,1.35604561935179
1,38.16132,56.99729,1.17495130328462
1,32.70623,53.86508,1.64760749950074
1,30.58785,74.07853,1.457489753142
1,42.87658,64.60489,1.06957666273229
1,41.16918,50.85736,1.16954566701315
1,40.4065,56.96268,1.25101549248211
1,27.98043,54.99941,1.81886937003583
1,39.86144,65.40418,1.28646213747561
1,44.06916,58.01787,1.41672656685114
1,41.27358,47.03271,1.04592660744675
1,29.50536,50.07637,1.89139542775229
1,42.72526,52.06594,1.69576988206245
1,55.88999,57.75395,1.21528609469533
1,43.43729,45.53989,1.41385767469183
1,45.21592,56.23551,1.49519334570505
1,21.46886,50.97331,1.94885848695412
1,40.8175,63.63504,1.08142320951447
1,34.89724,64.74254,1.33378764730878
1,38.82377,54.30612,1.09819213696755
1,39.81253,61.8196,1.95759826013818
1,42.25532,62.65005,1.81986742513254
1,44.36548,49.87988,1.98068781173788
1,31.58178,55.53971,1.55235153762624
1,35.25133,53.15157,1.00685207848437
1,50.77632,74.22147,1.54468028061092
1,46.64062,37.81122,1.43565167789347
1,50.71756,53.06595,1.18595555820502
1,49.07775,59.12901,1.40548521978781
1,26.63234,64.19727,1.1670223036781
1,48.79625,38.62079,1.88676591380499
1,22.20029,73.11573,1.42627076921053
1,44.41,53.04649,1.57255134196021
1,63.88825,48.97889,1.13891223724931
1,33.57092,63.84941,1.83293228060938
1,44.85232,62.17386,1.08443691139109
1,43.81482,57.73569,1.86795420479029
1,32.16317,58.71496,1.22881534812041
1,34.76834,55.57443,1.05204021348618
1,27.02004,60.16687,1.6339319429826
1,36.84926,46.01221,1.21948403771967
1,36.16788,68.04738,1.61176796699874
1,54.34972,51.9426,1.40999945974909
1,47.11679,77.18788,1.19056509784423
1,57.4229,32.305,1.58579884376377
1,52.18029,65.10573,1.58046678407118
1,51.85909,67.51661,1.52557459683158
1,49.03182,60.34069,1.33426964585669
1,45.43005,59.77699,1.06006763712503
1,33.16007,67.7972,1.3301754288841
1,28.07412,60.4441,1.92812876217067
1,37.39232,60.04588,1.30179939139634
1,41.7159,54.8672,1.49854995892383
1,32.7979,73.65913,1.04994585714303
1,48.73786,49.54446,1.14678613678552
1,55.61709,57.06916,1.85310983960517
1,26.59618,54.89858,1.92197059537284
1,42.08567,40.12172,1.55522592971101
1,52.21176,52.75539,1.26256944541819
1,36.55513,62.31943,1.62166181695648
1,31.43811,50.33373,1.95492303953506
1,40.87347,69.90448,1.09437780152075
1,25.97094,68.05602,1.77726897038519
1,35.18777,47.83521,1.81397543265484
1,30.72323,53.49924,1.4103836636059
1,41.99314,50.87471,1.37691800156608
1,30.88503,59.03542,1.06223246525042
1,55.63384,51.22741,1.77577096130699
1,37.70752,54.48603,1.7728185551241
1,27.17879,73.22714,1.01256046304479
1,55.74353,35.89603,1.11258116248064
1,25.66439,58.53562,1.61599820642732
1,17.00957,68.39096,1.86386214476079
1,43.95091,61.0425,1.50263585476205
1,38.8072,53.42418,1.68855905975215
1,40.30421,55.30517,1.20924808434211
1,39.78672,57.06535,1.87954937992617
1,63.90414,56.32496,1.51185329328291
1,48.88094,67.82444,1.13724390347488
1,58.40254,79.28048,1.46732435747981
1,39.70721,64.78928,1.24668223620392
1,47.59079,51.5511,1.01391300489195
1,44.84636,52.34264,1.3235933938995
1,21.27829,50.89752,1.30255057429895
1,56.59843,65.83452,1.27796941855922
1,37.48017,57.39704,1.56765826279297
1,49.15954,46.12192,1.76266296464019
1,37.66307,57.0688,1.47895643790253
1,41.86126,63.41366,1.43719871994108
1,51.73052,66.6951,1.21970226266421
1,47.64847,58.08665,1.15647881873883
1,35.17402,56.00186,1.60814264998771
1,45.44158,84.85019,1.33023792132735
1,63.14872,70.52519,1.49086323659867
1,42.08557,54.22347,1.18325510318391
1,46.01514,58.37922,1.12039412069134
1,42.11817,66.59673,1.47319515491836
1,26.51054,64.8716,1.5422365735285
1,28.67938,67.39531,1.27981333713979
1,29.98758,56.67641,1.29534690594301
1,23.97532,53.69432,1.49335684254766
1,54.47663,68.48247,1.11525146150962
1,25.66849,56.62032,1.69450274016708
1,36.40398,63.52458,1.73169538588263
1,37.76594,48.95203,1.34003606438637
1,44.49676,53.93384,1.45530415279791
1,41.21254,67.43937,1.220963640837
1,14.46949,62.26729,1.52897430071607
1,26.00632,58.30301,1.66135785379447
1,47.84569,51.46759,1.30567013588734
1,44.96501,81.81427,1.48402936267667
1,52.12286,65.78259,1.93482881202362
1,34.2726,65.021,1.09972553118132
1,36.36313,63.94629,1.3907903782092
1,20.33037,62.20769,1.76451798877679
1,58.24481,54.45848,1.41609006677754
1,28.1422,76.06569,1.20003786124289
1,40.83747,60.21198,1.6907912469469
1,29.58027,51.32616,1.28422411461361
1,41.68749,56.74836,1.96912070713006
1,19.3453,49.81644,1.31824608822353
1,39.10978,59.98583,1.74433739273809
1,30.06011,59.57409,1.14423137065023
1,30.11872,48.14224,1.6449055345729
1,26.80173,69.78267,1.53982081613503
1,41.4497,56.78115,1.98195131681859
1,39.84126,49.97964,1.21630738605745
1,59.78358,61.26106,1.44490370270796
1,45.44818,64.82023,1.03676560916938
1,58.4162,58.58034,1.13252932741307
1,36.46915,65.33484,1.08014113456011
1,47.39338,54.89619,1.2108771239873
1,55.97659,75.71833,1.78817670117132
1,25.90733,51.43085,1.71491523482837
1,56.32167,55.58431,1.62431583669968
1,59.47724,54.72548,1.38786841835827
1,36.04946,34.22141,1.12278422689997
1,34.61991,75.20385,1.44227483170107
1,40.56393,60.7759,1.66328579699621
1,23.05746,43.83699,1.42148445360363
1,49.64375,49.0249,1.28038750798441
1,22.87106,59.36683,1.60934178368188
1,41.12026,55.79939,1.77792074508034
1,55.2759,52.32505,1.69983087945729
1,45.41858,69.30771,1.30419740872458
1,42.58969,48.27374,1.75052076089196
1,59.78563,54.97828,1.39421959687024
1,46.41741,52.72119,1.2468022198882
1,13.42948,57.03562,1.27890850417316
1,50.9471,56.93176,1.76152225956321
1,46.0973,47.2256,1.88292639818974
1,34.89751,71.07395,1.04803379462101
1,26.31495,49.99565,1.25305065419525
1,30.89327,79.22578,1.16278444137424
1,43.23482,46.73741,1.50665363576263
1,44.94405,50.6335,1.65969612356275
1,45.22232,80.58161,1.45731451385655
1,33.07619,72.86371,1.64108996489085
1,52.04657,62.56454,1.26135245757177
1,41.67568,60.35936,1.47572490712628
1,55.84756,67.5848,1.93777980003506
1,36.04547,49.41498,1.75116956117563
1,36.28569,60.10168,1.90570849785581
1,45.72856,50.07189,1.93189571565017
1,39.05539,54.94165,1.63452831702307
1,20.2726,48.62656,1.47226710547693
1,27.33974,51.36997,1.79301230749115
1,46.13468,55.69144,1.09326388454065
1,44.96999,65.99128,1.86331366351806
1,46.39057,67.48663,1.90456177736633
1,47.08233,60.20998,1.86837725644
1,36.53939,60.50986,1.23205394041725
1,38.75325,61.35403,1.06261368119158
1,42.64909,57.29917,1.65491862222552
1,23.09582,70.34206,1.6834489882458
1,42.44851,44.21829,1.19902335852385
1,33.49563,71.32774,1.85233290749602
1,47.07288,55.7378,1.38336605369113
1,24.9612,53.32379,1.84878118662164
1,45.48775,65.85651,1.22420431300998
1,59.20356,68.74465,1.91255832067691
1,44.00992,50.52786,1.54028293234296
1,43.68642,83.65863,1.85945254168473
1,41.87053,51.92226,1.72033738181926
1,43.72969,46.00091,1.25988795980811
1,38.52629,76.75724,1.13561302120797
1,53.42536,73.632,1.85499900719151
1,39.33739,51.29871,1.55186791694723
1,36.66598,51.51536,1.90618373872712
1,41.96913,61.30644,1.21584259113297
1,35.25198,60.78493,1.49452745984308
1,33.56147,59.85432,1.13446289207786
1,33.07125,49.41556,1.29673899291083
1,48.44303,51.90851,1.89114435832016
1,40.75025,68.0989,1.26909843250178
1,50.35784,54.57351,1.28545381757431
1,44.57279,78.77867,1.75853062001988
1,24.52693,68.57829,1.92497502407059
1,54.20255,63.61836,1.24487994774245
1,41.30357,66.8662,1.39518309663981
1,37.41374,71.92524,1.15288496064022
1,26.86204,55.37459,1.80664759338833
1,39.55137,43.2294,1.51490328507498
1,47.00566,53.65933,1.51391473622061
1,38.12361,57.12999,1.5487544038333
1,37.52485,80.64694,1.56393697089516
1,39.20578,62.21249,1.22616053139791
1,52.36179,58.99351,1.12288970197551
1,45.0324,47.69177,1.45937428949401
1,40.86912,38.84561,1.55958970752545
1,48.08253,68.39592,1.32787319063209
1,54.8749,66.84655,1.06655567255802
1,24.57269,71.18354,1.64852151274681
1,35.00761,57.033,1.93303714413196
1,43.44146,65.25961,1.59016450028867
1,43.16221,47.03518,1.14843774121255
1,34.24286,62.92888,1.76722316071391
1,43.58324,56.57035,1.98576698848046
1,36.35557,67.91737,1.98032498755492
1,35.1833,55.00228,1.97060037520714
1,44.51795,68.3382,1.07854914246127
1,54.39144,37.30894,1.11295580794103
1,45.86727,87.3137,1.24714694148861
1,39.09084,66.78102,1.16984236217104
1,27.79925,58.74917,1.71360025252216
1,33.06475,78.47807,1.43275339971296
1,23.54635,55.19841,1.42003910895437
1,43.46392,64.71713,1.86334837926552
1,35.42679,54.08204,1.04857782553881
1,34.19314,71.58672,1.19748548674397
1,10.8867,68.44097,1.41329763713293
1,56.59104,64.011,1.80990007007495
1,47.3817,56.87357,1.82581128738821
1,38.49504,60.46255,1.46339435433038
1,52.51262,67.06044,1.72167925233953
1,44.5458,57.88389,1.08501363405958
1,44.03849,53.62613,1.464176828973
1,36.41589,56.97656,1.79326291684993
1,50.31431,61.40527,1.00118390494026
1,30.72297,53.84722,1.77915608999319
1,29.87761,61.21636,1.28834035922773
1,59.26816,69.29843,1.0914809172973
1,35.04088,61.20282,1.0918923378922
1,44.87322,43.20948,1.80220100050792
1,29.24664,51.7367,1.8254306174349
1,50.04572,53.45699,1.56091689108871
1,47.97724,69.38969,1.47593799605966
1,29.6133,70.91985,1.70711163780652
1,30.89345,61.36776,1.98228707769886
1,31.74421,58.71527,1.32693188497797
1,36.60416,56.83749,1.24180571222678
1,47.78417,53.40695,1.5350420891773
1,23.22726,57.4777,1.16729687200859
1,51.37993,65.01276,1.46771919261664
1,31.36008,63.86529,1.59345140308142
1,46.77678,65.41522,1.67038810299709
1,44.1524,46.76581,1.85494851344265
1,41.43843,54.11403,1.10234376136214
1,53.77942,55.54833,1.230919029098
1,33.7694,79.58607,1.91100018587895
1,35.79716,55.52056,1.8057575293351
1,30.53843,72.95658,1.7825819789432
1,46.22857,34.53551,1.31494613015093
1,39.67892,62.87499,1.81836514663883
1,36.81919,52.38703,1.88080511824228
1,34.27178,48.92915,1.16708395816386
1,42.32842,63.12152,1.41664161975496
1,46.33527,63.28707,1.51421478344128
1,53.53398,51.14082,1.48373890854418
1,40.61128,50.21093,1.17421492328867
1,50.62107,40.45209,1.06210885825567
1,36.47783,78.33963,1.56129705091007
1,52.38983,64.53774,1.09965847013518
1,30.01806,75.31725,1.88419610168785
1,39.00967,50.87296,1.52537526073866
1,22.71875,67.99089,1.78732081432827
1,61.24,65.89064,1.18699900479987
1,39.18396,65.65822,1.75524521246552
1,44.69035,57.93645,1.4930361371953
1,58.0471,69.76289,1.20316424011253
1,51.25563,61.33045,1.97147941263393
1,46.92124,83.3785,1.46367103117518
1,46.25302,66.06521,1.01366532035172
1,52.40546,66.73065,1.71159217925742
1,40.28902,53.28891,1.61858080001548
1,44.73831,63.29274,1.0187348483596
1,43.15397,65.65951,1.5748279443942
1,44.85846,77.73084,1.71652502357028
1,42.86439,67.90505,1.05903926421888
1,56.25276,58.54541,1.16422620322555
1,51.62415,67.15461,1.90965658077039
1,44.7667,61.48524,1.26932787103578
1,48.91067,66.60661,1.24664315674454
1,20.23477,59.03073,1.65639164624736
1,18.98427,70.79776,1.42225729231723
1,16.33768,68.84142,1.29111720505171
1,49.40031,47.88199,1.06847670627758
1,41.66533,67.50779,1.85784866171889
1,59.2293,74.68412,1.02910438878462
1,58.47326,53.63286,1.03493728162721
1,62.36667,50.95881,1.91793712391518
1,21.85536,54.86045,1.14387625991367
1,40.38865,61.31855,1.94612193480134
1,40.74187,47.65873,1.17919731955044
1,58.00854,42.82972,1.85592834721319
1,45.35452,41.83214,1.71820537396707
1,66.66133,50.6532,1.55841799755581
1,33.77558,62.47507,1.52189947594889
1,48.09134,64.89226,1.33449101052247
1,40.08256,51.44899,1.09484442439862
1,29.58933,58.19596,1.2598593744915
1,43.58031,65.94927,1.18371809273958
1,53.30803,36.98284,1.60717017855495
1,28.87137,51.90188,1.13490035221912
1,56.40753,62.59392,1.21299334918149
1,29.47485,32.19725,1.19175795675255
1,33.29645,67.43765,1.25657866289839
1,38.72936,56.59565,1.30572455492802
1,32.29439,53.9696,1.34414315107279
1,32.41527,48.44307,1.17390031763352
1,45.76281,64.38473,1.70068179443479
1,33.8258,59.16824,1.71980537404306
1,22.67527,54.22386,1.87627345812507
1,13.19942,60.1388,1.17780623165891
1,29.50579,55.28771,1.03477381682023
1,45.70325,56.31371,1.67241511773318
1,43.70217,61.486,1.84387853252701
1,29.53128,66.01217,1.68296025879681
1,34.58708,54.27694,1.24312111921608
1,51.84493,61.97,1.50822669360787
1,46.43159,55.3816,1.41066711442545
1,47.37223,63.45379,1.08565189968795
1,28.52821,68.99037,1.9748132287059
1,53.74314,61.20763,1.56922398600727
1,29.91581,63.06654,1.68295920803212
1,51.85804,68.08115,1.50192518741824
1,24.65317,60.97069,1.20495850685984
1,45.07661,64.13075,1.37079231580719
1,34.09175,59.97359,1.45527095650323
1,49.69564,67.62843,1.12151204748079
1,43.0814,55.20282,1.3609214455355
1,36.45465,50.92306,1.57029043044895
1,45.95494,50.09121,1.55702199880034
1,34.86304,61.43269,1.02725210110657
1,31.35199,65.54097,1.07181185786612
1,28.85687,70.20236,1.40068248705938
1,38.01644,45.00452,1.87748825922608
1,39.33137,61.01991,1.04722471698187
1,45.43656,53.36308,1.36305273440666
1,21.14175,39.8683,1.3712196147535
1,52.64809,71.72782,1.91687427437864
1,36.58138,39.92153,1.6935624233447
1,36.92193,64.58077,1.94573514861986
1,17.71107,64.94933,1.14849020983092
1,43.15869,54.23448,1.16042895545252
1,47.18889,60.86159,1.74875242705457
1,43.73414,62.9692,1.19928374676965
1,46.89299,65.56661,1.56703128060326
1,42.87272,43.29337,1.75232672085986
1,40.53452,61.72891,1.24612753023393
1,48.3142,54.04765,1.88091539265588
1,38.05576,45.26198,1.93552257725969
1,22.1779,68.1016,1.61319542117417
1,56.94227,86.55324,1.97326592123136
1,34.75308,55.7262,1.49178154743277
1,33.97889,52.78297,1.93919466179796
1,40.91016,65.19449,1.47146822628565
1,33.7199,57.27735,1.80525416461751
1,49.14691,64.16595,1.6504059585277
1,48.61678,65.28603,1.38266489119269
1,28.11857,45.33089,1.71482774359174
1,20.4317,51.46033,1.85988538293168
1,50.93737,74.1835,1.44388827169314
1,22.29103,75.65685,1.18450826988555
1,43.51035,58.55402,1.06585725443438
1,60.11132,58.98568,1.65844616526738
1,61.21623,69.80801,1.926844896283
1,48.33622,41.19602,1.58040596055798
1,33.39445,65.82391,1.37689519533888
1,29.34521,59.85588,1.2326825177297
1,54.38664,80.36837,1.12094166176394
1,34.7127,57.47011,1.72565422928892
1,40.33881,57.22665,1.92401832086034
1,62.24166,51.57828,1.7074567147065
1,40.15035,56.58465,1.6598422746174
1,38.71685,70.14773,1.29518384695984
1,39.12633,60.63593,1.64923477265984
1,51.69781,63.27919,1.0461247805506
1,25.68791,40.27335,1.04211296420544
1,47.94294,43.08792,1.0870050790254
1,67.88265,60.98403,1.73933173017576
1,26.55077,50.80384,1.25565244513564
1,46.29426,47.39325,1.76974128955044
1,31.52882,62.19854,1.62297037150711
1,57.78245,63.38965,1.82473139232025
1,38.04019,67.43048,1.16497281589545
1,37.7145,51.81503,1.97101953765377
1,62.57692,60.83238,1.14135309820995
1,28.86001,51.2246,1.70425387960859
1,41.62214,58.10787,1.01300091180019
1,23.74967,67.99766,1.56720537436195
1,46.85755,54.24618,1.5966718015261
1,37.5762,62.86578,1.53641581977718
1,56.43054,64.46652,1.27972986758687
1,23.42326,62.49845,1.71854784036987
1,44.27762,57.30138,1.75015619490296
1,40.88654,73.0129,1.25413900869898
1,35.14983,69.20756,1.16446309466846
1,24.17791,55.47302,1.60825134208426
1,41.70554,59.55818,1.8631655711215
1,36.33261,42.50658,1.15150498389266
1,39.01491,47.29492,1.83548419782892
1,44.81983,67.23057,1.8183840312995
1,40.07327,53.91739,1.93746608775109
1,30.90242,79.43702,1.10950736142695
1,36.81031,51.52639,1.79480492859147
1,43.03812,57.54671,1.78038058336824
1,32.79469,64.19816,1.33131649158895
1,37.48284,63.44551,1.67948334221728
1,45.29159,76.73057,1.68019715277478
1,35.24219,55.9317,1.45214675902389
1,38.39624,63.38412,1.57111452636309
1,34.79193,55.69379,1.01005188189447
1,48.43391,46.13215,1.81644355296157
1,59.01439,65.74738,1.13575496408157
1,35.53231,63.11478,1.41005758289248
1,40.90201,74.3216,1.38259925250895
1,41.53148,42.03367,1.31166168954223
1,35.52626,83.71515,1.48678318411112
1,27.84255,60.091,1.67721309373155
1,43.60266,62.19615,1.24162078578956
1,24.29746,62.7834,1.4545724352356
1,30.38543,52.90134,1.40418561198749
1,52.67648,32.67734,1.07648243545555
1,36.9756,68.24067,1.42547398502938
1,37.8756,68.28506,1.18811397254467
1,48.75739,53.39937,1.09561345493421
1,56.86054,59.49221,1.53233951725997
1,57.58251,67.85455,1.92508195852861
1,42.30235,54.44661,1.02563673746772
1,56.72005,71.69892,1.4573006844148
1,34.09218,56.2818,1.34504363895394
1,47.25593,56.96026,1.46031975885853
1,23.48291,54.36535,1.63017048314214
1,23.12866,65.25963,1.3470764150843
1,51.5916,62.71912,1.75722563383169
1,20.53896,47.69149,1.76779319485649
1,51.81452,52.07644,1.03519583749585
1,48.44256,51.18517,1.84836532361805
1,62.44255,45.78976,1.40808517485857
1,17.27593,60.46275,1.67982771829702
1,53.77579,65.79631,1.12630486488342
1,37.08417,63.94993,1.66618391382508
1,47.97955,55.61669,1.05565796256997
1,35.22937,74.55077,1.30310271098278
1,26.42555,55.0765,1.60166276805103
1,40.20962,64.5191,1.09611871629022
1,58.95403,59.6799,1.01502756588161
1,17.21381,69.54397,1.85950915399007
1,32.95241,52.18707,1.35345366876572
1,59.68467,40.53054,1.09529005386867
1,30.58042,63.08007,1.88058713451028
1,48.74949,70.51133,1.37664835201576
1,50.65636,59.32031,1.36809746921062
1,40.4251,50.73494,1.53745172428899
1,45.28402,51.53691,1.31213615019806
1,34.34718,47.58747,1.71362665155903
1,38.59024,51.33721,1.47529737278819
1,40.71961,74.12315,1.67840388999321
1,40.37913,50.36806,1.86219271225855
1,47.26266,70.09016,1.03408951405436
1,34.55216,56.49265,1.61981743015349
1,42.125,66.37105,1.45626220013946
1,56.81907,44.97096,1.64896004227921
1,53.69397,66.83374,1.97408813983202
1,45.11847,74.85613,1.27259373897687
1,27.42444,66.70893,1.30599845782854
1,11.50407,56.95046,1.28216704237275
1,49.0322,62.76543,1.04757417761721
1,23.48502,75.85309,1.29714577551931
1,50.98872,71.68141,1.73889145627618
1,27.57767,62.33503,1.8265738801565
1,47.66222,65.10868,1.99466702551581
1,45.13893,67.17903,1.3791979176458
1,45.78568,69.31007,1.3015536791645
1,47.92223,65.00936,1.99637143686414
1,48.03205,47.78571,1.08514493191615
1,43.65009,56.48259,1.90115687646903
1,28.54301,59.48517,1.24951897119172
1,48.14451,60.26351,1.15857952530496
1,30.73458,53.41976,1.6455574024003
1,41.65806,72.97177,1.88855474977754
1,47.42073,72.11551,1.2516870230902
1,54.31567,51.07155,1.22590672201477
1,37.98036,67.0989,1.21999885537662
1,58.32997,63.25209,1.84221172868274
1,43.19876,60.36072,1.93752274732105
1,28.11309,72.51996,1.72343363030814
1,37.01089,69.21339,1.05113578750752
1,32.97436,69.77639,1.97959770867601
1,34.20864,61.29887,1.88284393725917
1,31.93696,62.87588,1.21306177903898
1,30.94324,70.95922,1.75124507327564
1,43.49319,59.84101,1.08797538536601
1,27.81164,72.67459,1.10244688228704
1,32.15255,42.51905,1.69307651347481
1,51.29612,79.81878,1.35277124587446
1,38.0315,54.71503,1.67491341102868
1,29.27812,62.24455,1.67242545285262
1,44.40411,68.84855,1.94487666967325
1,23.34787,61.94084,1.94107916904613
1,49.36656,64.14016,1.98925287160091
1,17.60005,69.14876,1.7014294101391
1,30.85341,54.0978,1.17204711353406
1,44.90497,63.7959,1.86724943155423
1,57.36587,58.50857,1.79943326674402
1,49.0943,69.75703,1.27997924340889
1,26.6611,68.32285,1.69792605238035
1,40.70467,53.43072,1.35756651335396
1,28.55086,56.30226,1.99595142691396
1,36.25912,59.3196,1.3275611391291
1,48.98826,66.10667,1.48960518906824
1,33.26312,69.86829,1.39190599159338
1,32.02353,58.18483,1.39985315687954
1,27.30424,55.4792,1.49823375348933
1,51.44975,71.13834,1.80448530614376
1,59.81329,47.9164,1.43694635550492
1,51.14651,60.196,1.89928410598077
1,61.69583,47.11762,1.21045725629665
1,36.56804,68.23382,1.48118458944373
1,40.64832,66.75034,1.88095920509659
1,45.86368,68.31128,1.61871031182818
1,44.60644,60.16793,1.30849044048227
1,35.88663,49.38532,1.68186981929466
1,57.68279,60.16859,1.76435541827232
1,51.6255,49.49683,1.11141463508829
1,42.5861,62.54503,1.39011758193374
1,46.0202,56.69676,1.3538939806167
1,46.45453,58.70955,1.91599793569185
1,38.30502,49.6469,1.8539674449712
1,48.84556,65.31183,1.10264323209412
1,30.15666,63.67134,1.8031554184854
1,38.53791,56.76666,1.57454177713953
1,23.9704,68.72659,1.80255019455217
1,50.02861,63.9783,1.09085240238346
1,45.18616,61.15616,1.04121577553451
1,43.502,73.08999,1.33204481052235
1,44.7494,43.9657,1.96246833517216
1,60.56076,43.47697,1.46724940300919
1,51.11581,80.65344,1.41254569077864
1,35.88928,62.03462,1.4384110707324
1,32.33509,52.6811,1.93532576854341
1,49.07877,68.18728,1.21480833692476
1,50.33895,64.57106,1.36324616754428
1,49.26652,79.60231,1.14252493693493
1,18.55579,68.16774,1.37075219932012
1,41.00905,45.10266,1.31614666688256
1,28.00344,61.47371,1.7412154043559
1,18.14624,60.1302,1.85997011489235
1,53.95843,68.46303,1.70714280335233
1,52.5372,68.16769,1.46141231106594
1,38.93926,62.98392,1.02964532305487
1,29.05058,62.4427,1.34135378641076
1,41.75223,64.63294,1.72892506862991
1,37.64791,47.91551,1.29151743394323
1,48.79252,64.57806,1.92696840013377
1,51.77635,55.95868,1.40232574217953
1,27.10765,58.84145,1.57298954064026
1,38.6845,49.5615,1.22504052007571
1,44.48639,56.53763,1.73589076334611
1,23.60541,43.46694,1.55005636182614
1,38.7037,61.0992,1.78241521632299
1,43.00739,55.95437,1.15220564045012
1,51.56791,63.63943,1.2291194612626
1,25.26915,63.87523,1.35626395442523
1,42.56982,67.66801,1.7946939561516
1,38.08915,64.5408,1.82683080085553
1,34.78496,45.51393,1.36182279023342
1,35.88933,55.3666,1.23234684579074
1,47.22242,66.03583,1.6944254108239
1,51.96253,51.7511,1.29617159208283
1,40.78976,59.28554,1.91951150353998
1,41.27407,67.80852,1.92552252206951
1,44.66972,69.17705,1.3966215683613
1,39.15088,54.56051,1.81665407633409
1,29.16955,64.9487,1.26290560280904
1,31.77423,66.87607,1.75305457995273
1,53.4651,62.77485,1.48315729526803
1,40.41047,72.14114,1.2728300220333
1,42.61213,59.06376,1.87024241057225
1,39.57467,62.27438,1.4087480714079
1,54.50277,49.35228,1.94152627931908
1,57.91767,56.73445,1.33406069036573
1,45.64944,53.13589,1.72821809118614
1,21.88918,49.30231,1.87663177028298
1,51.04494,68.31933,1.21035014768131
1,42.09716,72.15952,1.16535542323254
1,43.04227,53.48632,1.33634795038961
1,47.14463,56.0835,1.13186430907808
1,45.62461,77.81975,1.36530091799796
1,55.20789,58.71653,1.48825587332249
1,36.05181,53.08629,1.74452504143119
1,43.73998,58.94337,1.41843106574379
1,34.23256,65.07769,1.19468510500155
1,20.95196,74.2487,1.71128926146775
1,32.88314,79.69149,1.82316877762787
1,38.36533,59.0739,1.32163221971132
1,44.56165,52.40328,1.24768760544248
1,39.33794,70.14443,1.39388207043521
1,49.1245,67.76719,1.75548460986465
1,22.91567,56.11771,1.2053657756187
1,45.63892,47.58675,1.46112889470533
1,42.75653,63.07043,1.13077865587547
1,46.39609,68.40751,1.61381412134506
1,46.88703,66.433,1.86396497115493
1,54.88489,75.612,1.54135782248341
1,34.0548,57.12219,1.58339890278876
1,37.38898,62.3226,1.622315506218
1,48.23034,62.03111,1.40822275239043
1,54.79647,59.39724,1.12139425333589
1,59.52773,50.58208,1.36163445701823
1,50.2512,67.96679,1.11946867685765
1,46.22677,54.53655,1.6075618469622
1,48.98464,58.14621,1.32147758943029
1,45.09392,64.88113,1.99753503967077
1,44.77223,44.4438,1.71190942334943
1,34.00083,59.08957,1.63131116121076
1,28.31505,36.30374,1.02483628271148
1,53.05011,67.34682,1.35110134864226
1,25.10745,42.70245,1.1252795055043
1,46.08558,61.97675,1.00292980042286
1,50.62893,45.19788,1.9352631890215
1,46.68802,47.42063,1.32286443794146
1,43.07386,77.93637,1.6965864233207
1,36.70228,53.66054,1.39644703874364
1,11.47373,68.61527,1.1906410434749
1,42.08087,66.43765,1.53178426763043
1,37.96224,52.46353,1.7792486846447
1,28.30779,70.53446,1.86010628286749
1,59.18555,62.19979,1.50750696845353
1,43.39802,63.35423,1.7798710395582
1,37.68739,55.33306,1.85444492660463
1,48.85135,64.6936,1.88989416696131
1,42.29553,61.3545,1.29763659276068
1,53.10208,61.65183,1.65594865987077
1,44.18706,56.29505,1.04796100198291
1,47.34497,61.47757,1.34733382565901
1,34.5298,67.07189,1.45093405107036
1,22.82447,57.02137,1.5489438388031
1,48.27827,53.97093,1.67686795862392
1,45.27673,52.04495,1.76058554835618
1,44.17967,64.35678,1.25862379744649
1,33.85752,60.59858,1.2952273201663
1,29.57068,55.91483,1.57432900229469
1,43.5061,62.07275,1.70272277109325
1,26.33832,73.38955,1.06799209304154
1,13.77208,64.03381,1.15413172147237
1,37.39434,60.17785,1.57891834829934
1,25.09434,55.0823,1.16170549322851
1,41.91991,45.2935,1.37432236480527
1,54.31478,53.6106,1.27123562828638
1,42.18649,61.34159,1.31276387651451
1,47.74056,60.98222,1.90501659736037
1,38.6671,54.8464,1.64218891249038
1,34.33136,63.66866,1.57501262216829
1,45.49676,46.21109,1.34117611474358
1,48.64805,50.69878,1.36509454878978
1,59.7194,53.67238,1.38844084087759
1,48.14389,64.17408,1.94613933120854
1,55.16922,76.47846,1.64569440390915
1,51.50727,65.82463,1.33880764758214
1,42.69824,71.33099,1.01308604609221
1,52.7367,66.52017,1.12133515579626
1,44.49347,44.03264,1.91235745861195
1,42.79715,51.57061,1.58067407668568
1,50.60694,52.83994,1.7925149879884
1,37.5125,68.15924,1.51198834646493
1,46.73844,65.58825,1.90918387006968
1,30.74257,54.61627,1.40575855248608
1,52.50878,63.62914,1.11093343631364
1,18.06539,67.96441,1.29199275351129
1,36.22066,49.6668,1.83245995990001
1,26.8746,69.52796,1.77362894196995
1,46.44655,53.95027,1.79142358643003
1,37.5481,59.69554,1.36285867239349
1,26.17275,73.02736,1.75045353826135
1,42.92903,70.03363,1.66249216394499
1,36.25652,64.53602,1.57526903389953
1,32.71939,57.83974,1.36468288651668
1,45.61599,61.58367,1.34999059373513
1,39.26789,57.98376,1.74069913034327
1,34.55469,66.68845,1.74926407192834
1,36.45908,70.13852,1.90876669553109
1,41.83166,77.96375,1.48678057617508
1,25.83818,63.53773,1.21492769522592
1,27.9007,58.79853,1.35378738236614
1,41.00502,68.62589,1.57369689387269
1,34.09975,75.41777,1.41930342256092
1,29.14662,51.12136,1.55351645941846
1,41.39825,53.92034,1.95281788124703
1,54.13261,51.89971,1.0614955520723
1,36.2243,62.59828,1.51889189356007
1,29.95055,56.40722,1.03967479406856
1,46.80503,70.14497,1.78657129663043
1,41.96831,67.27118,1.4226772277616
1,12.71827,62.29628,1.57992107560858
1,44.39297,59.58195,1.99133234587498
1,24.46523,63.57868,1.47935539018363
1,29.6177,59.74445,1.88275176682509
1,21.74248,50.45285,1.25259473919868
1,29.35508,70.05808,1.62385211186484
1,27.22644,75.18532,1.40917508443817
1,51.79697,61.69157,1.20239492109977
1,44.62026,47.41006,1.72877064649947
1,34.06684,52.82305,1.09845426678658
1,43.62076,50.27394,1.45427186368033
1,42.41596,68.93131,1.63756402838044
1,49.61633,54.8229,1.46753577375785
1,33.73294,67.42624,1.98980457871221
1,55.72386,76.51932,1.05556293320842
1,27.83457,62.72257,1.20222834078595
1,49.89798,51.15889,1.58663243544288
1,60.58085,69.45195,1.10728827049024
1,56.16207,70.20759,1.66951592895202
1,51.31114,74.59144,1.80273551074788
1,40.39541,54.17054,1.92426595347933
1,52.45226,55.42988,1.95310108060949
1,45.69188,51.24299,1.65622195228934
1,45.85658,65.63105,1.73210333916359
1,55.69338,65.96501,1.44888178748079
1,36.04146,62.1499,1.36775633925572
1,28.33257,70.274,1.4035463493783
1,41.79587,77.08113,1.32922800909728
1,38.54986,81.29447,1.89477886678651
1,40.67175,54.77458,1.50242561521009
1,38.67076,67.80664,1.70393286785111
1,35.75459,52.14807,1.13429795601405
1,47.64047,62.95349,1.05576681275852
1,44.38814,50.86422,1.38222046499141
1,55.07092,45.49946,1.95707947365008
1,47.48012,58.80583,1.35416818386875
1,40.05356,72.84874,1.3763724048622
1,41.29422,67.83528,1.97345270239748
1,36.53526,78.04978,1.59925346402451
1,23.52244,51.33826,1.66360561409965
1,42.98621,55.51208,1.28164447820745
1,25.60867,47.51016,1.86528266826645
1,31.30385,71.48902,1.80682349787094
1,54.79936,68.69215,1.13608122686855
1,33.32064,69.45271,1.27178609115072
1,42.24906,47.52644,1.2541343967896
1,29.504,48.87712,1.4189848813694
1,31.42953,52.80237,1.49260679353029
1,51.66205,57.32732,1.33640087279491
1,38.16498,53.45429,1.61466497811489
1,44.65573,61.14825,1.25119539606385
2,36.17882,-22.1776,2.30150343710557
2,50.97437,19.26007,2.54466189537197
2,68.77616,-23.90883,2.21166225872003
2,56.22534,-5.294665,2.66935114236549
2,84.62974,-8.592495,2.0358027073089
2,95.91765,-17.08491,2.14201468112879
2,66.93266,-3.231932,2.19292042916641
2,68.5361,-26.18595,2.0377671981696
2,76.53591,-3.304326,2.17384199355729
2,76.23439,-11.4189,2.36021010042168
2,54.16949,-19.01123,2.92304688389413
2,72.58262,-16.83923,2.81890632002614
2,81.56219,-1.694383,2.2085376677569
2,67.99164,-17.64808,2.99029424344189
2,64.71255,-14.86299,2.55008513480425
2,70.76205,-13.4053,2.86125553376041
2,80.15953,-1.895146,2.69458010792732
2,64.54891,-1.18837,2.51574306003749
2,72.76769,-1.913954,2.44399614282884
2,79.9837,-20.64003,2.04203688004054
2,79.13871,3.93355,2.05529498658143
2,44.28213,1.785785,2.62097145617008
2,64.1403,-9.613207,2.75658778822981
2,59.16926,13.10082,2.68676210939884
2,81.54203,8.749848,2.85742345987819
2,74.12215,-22.66961,2.43930912786163
2,69.51984,-12.94162,2.29773562890477
2,80.76502,-7.238871,2.28091485868208
2,54.98248,-5.827399,2.4529769141227
2,63.85516,-1.502977,2.67496253969148
2,70.24579,-22.48083,2.48325990932062
2,64.31788,-12.37871,2.13061781367287
2,86.6356,-20.3488,2.65971916425042
2,84.94551,-11.81974,2.08421744499356
2,84.22009,0.2136558,2.61748726060614
2,64.29858,-7.748638,2.50923252198845
2,78.10973,-14.83134,2.19909703102894
2,75.86112,-11.63541,2.62767519662157
2,90.31363,-6.734307,2.0000004353933
2,62.72575,-18.50824,2.27367718098685
2,75.54213,-4.170342,2.04084500181489
2,65.45658,-10.57994,2.14713913435116
2,61.91086,-20.55287,2.64725576504134
2,59.13503,-18.54382,2.09575439221226
2,60.52482,4.002958,2.66728191892616
2,80.68502,-10.62564,2.01464140345342
2,66.77925,-6.613982,2.1733165900223
2,66.15932,-12.41949,2.49019947275519
2,66.32986,-0.9856625,2.3508783869911
2,63.90113,-8.54786,2.11558733810671
2,82.86773,-7.530378,2.54131459654309
2,85.21556,-24.69871,2.79098779265769
2,67.60797,6.669538,2.20635946793482
2,66.35771,-24.43254,2.89420915255323
2,65.34889,-16.15385,2.0058232829906
2,95.9356,-13.87495,2.27143437298946
2,55.30122,-3.164437,2.31912929611281
2,53.70588,-22.06458,2.37399119650945
2,58.04943,-2.860465,2.48375103715807
2,75.83075,-11.85008,2.08325814921409
2,61.31218,-19.0784,2.82664120476693
2,77.7234,-2.877346,2.85755701060407
2,85.97016,-17.81126,2.43317817058414
2,68.26376,-19.15556,2.91875832970254
2,77.10473,-19.01528,2.76837420323864
2,78.19132,-8.509058,2.68531642179005
2,65.10429,-3.43562,2.15499189193361
2,79.52807,-27.63379,2.89347202703357
2,75.18258,-6.52501,2.94832287286408
2,73.22818,-3.601662,2.90178128215484
2,67.87865,6.67004,2.98117621196434
2,67.49999,-3.656658,2.41132892435417
2,68.73451,-14.8505,2.17657481110655
2,68.80344,0.2036219,2.13119054073468
2,70.23388,-1.111902,2.96968433680013
2,74.11479,-7.362882,2.43487685383298
2,52.94662,-26.11158,2.95204659923911
2,61.4234,4.10658,2.22115219105035
2,75.64492,-27.29068,2.78174510528333
2,70.19157,-15.42674,2.74972093780525
2,57.02136,-28.37956,2.18702056165785
2,62.74637,-13.188,2.88758063782007
2,65.85207,-20.20264,2.58300519548357
2,74.1682,-9.089777,2.09978108899668
2,69.75043,-0.3842613,2.84951226902194
2,57.04818,-16.48449,2.83330380544066
2,78.25997,-7.99833,2.00187749788165
2,63.72304,-24.23505,2.57749174511991
2,64.25357,-12.80524,2.33945300546475
2,60.51129,-0.3604612,2.18116452265531
2,64.83588,-2.828358,2.16416484327056
2,64.00904,-28.74335,2.4490141668357
2,84.36928,1.672451,2.77909825835377
2,65.89382,-9.091981,2.35315312258899
2,66.97235,-19.93247,2.21906663966365
2,84.08383,6.852012,2.85020431526937
2,68.23765,2.762476,2.19495593616739
2,72.25073,-17.15958,2.16972612775862
2,55.23472,3.789266,2.78402722114697
2,75.93697,-4.40856,2.33459500595927
2,68.67339,-4.801611,2.4646930473391
2,56.01145,-17.8486,2.37715166457929
2,77.52585,-15.70033,2.74516735156067
2,88.95077,-19.44843,2.00698026199825
2,61.68007,8.509057,2.22037726105191
2,94.70014,-6.385033,2.62523431307636
2,66.70215,-29.73264,2.64054792141542
2,77.82463,-10.06171,2.78281745919958
2,87.91064,-30.96477,2.42855445109308
2,61.9166,-8.82706,2.94420124357566
2,80.87708,-0.7162395,2.01465961965732
2,80.89673,-23.38986,2.29913959791884
2,66.70298,4.803512,2.61106615979224
2,63.19015,-20.61243,2.06873661465943
2,76.81372,-26.90243,2.6947037812788
2,65.06876,4.386009,2.14516009041108
2,95.32207,-16.98335,2.78306822688319
2,57.72157,-15.60494,2.5364085175097
2,55.37355,0.1582913,2.52579997829162
2,69.38057,-12.99076,2.7424504023511
2,67.81506,-4.811255,2.80009802198038
2,76.97593,-8.36036,2.21957228449173
2,77.27475,4.903346,2.02532109268941
2,83.35947,-22.26367,2.96509193023667
2,61.09789,-14.29766,2.81727782078087
2,65.82687,-19.21419,2.02341588656418
2,74.95858,-4.134062,2.59282736387104
2,62.60687,13.20539,2.63634327356704
2,51.71922,-0.1788583,2.38645000080578
2,74.93252,-0.5864232,2.48913235147484
2,79.38506,-19.2217,2.19199630897492
2,75.77722,-26.50406,2.46541154780425
2,58.46342,-15.13272,2.78301766514778
2,75.47081,-22.60266,2.21207153331488
2,44.91439,-5.197128,2.26558574964292
2,68.68961,12.47448,2.9428737340495
2,61.03369,0.7950336,2.09783911146224
2,58.83893,-2.276435,2.82958674058318
2,82.02278,-8.854354,2.89731329982169
2,70.77446,-12.75299,2.45155642367899
2,79.77536,-28.66915,2.95737705146894
2,74.93503,-3.32777,2.61560012563132
2,72.12925,-12.27785,2.15026846178807
2,80.84457,-2.636685,2.98231571190991
2,57.63159,-1.221671,2.5570460872259
2,80.52416,6.845383,2.63715855102055
2,63.2352,-24.72682,2.22296558064409
2,82.18422,-29.51219,2.13309213193133
2,97.35694,-2.163071,2.69099527574144
2,60.78475,-31.03982,2.07499493472278
2,70.74291,-22.15998,2.68485561781563
2,74.0169,14.51656,2.79880653368309
2,66.91939,-12.24789,2.65484113735147
2,76.09503,4.343313,2.3299636056181
2,81.78097,-8.727156,2.1078601074405
2,80.09553,-4.232298,2.11537928041071
2,73.32889,1.538375,2.74344004527666
2,62.58947,4.468431,2.21683359472081
2,67.35439,-16.61995,2.55652446299791
2,86.32658,-14.45837,2.81181009369902
2,71.04987,-2.683244,2.86153332726099
2,83.78762,26.49733,2.32401783461682
2,74.85747,-5.059505,2.51298068626784
2,77.72216,6.093524,2.83614790649153
2,68.97789,-4.123292,2.91926148207858
2,59.17707,-14.73758,2.66777916508727
2,50.49705,-17.90728,2.96520965034142
2,80.156,6.28412,2.85033044335432
2,73.31786,-9.305126,2.41198712913319
2,59.61196,-4.425068,2.90839799912646
2,68.88152,-9.893832,2.77239145920612
2,88.66383,-7.909438,2.07089108321816
2,54.22847,-16.32238,2.26157555053942
2,71.32836,2.896152,2.42163049406372
2,77.83042,-5.410922,2.10489864973351
2,72.29527,-1.643808,2.11934072035365
2,60.87722,-22.1124,2.4334874895867
2,90.33483,-5.948239,2.36817709938623
2,74.31378,-20.85082,2.09487140970305
2,73.68492,-4.392175,2.199667860521
2,67.73081,-18.78214,2.63744470966049
2,70.87401,-13.91332,2.42555656190962
2,58.89813,-1.263629,2.57853518798947
2,61.02102,-13.00759,2.40489166695625
2,63.88495,4.276434,2.72308692801744
2,60.26458,0.7716272,2.10995450476184
2,70.30639,-11.66815,2.41854017903097
2,73.19178,-4.823114,2.13629287970252
2,58.26951,-13.58154,2.51178072951734
2,73.826,-5.296699,2.07177719124593
2,76.70216,-7.703344,2.69982742797583
2,69.07478,2.692738,2.76716889836825
2,55.76127,-27.63965,2.26402569771744
2,84.63778,0.841825,2.42763081425801
2,74.96148,11.91875,2.2129416083917
2,57.6636,-23.91239,2.13806606503204
2,64.04885,-6.910765,2.8984149012249
2,71.5033,-0.02369585,2.19764825468883
2,82.15275,-21.6081,2.21801921562292
2,63.34114,-25.3215,2.58584176050499
2,73.77465,-8.064701,2.80627320776694
2,72.78902,-25.23712,2.47915714234114
2,60.628,-17.69653,2.37387933209538
2,70.46724,-13.25096,2.18627335154451
2,71.33598,-35.30176,2.03086461685598
2,78.18223,-4.003611,2.03583328053355
2,65.29634,-14.71507,2.61597620742396
2,79.06381,-17.52429,2.2902356274426
2,59.79717,-15.80204,2.89238771446981
2,77.98643,0.14855,2.06187764904462
2,79.18679,-22.84098,2.26710033253767
2,61.1682,-17.87923,2.87392178736627
2,73.55363,3.718564,2.02461057459004
2,71.21541,-7.743013,2.74787041638047
2,72.69725,-10.52523,2.95712317456491
2,66.1658,8.654269,2.71311793779023
2,66.57901,-7.96869,2.63976742257364
2,77.53841,-7.255456,2.59316083136946
2,68.90079,-1.174505,2.0838684362825
2,75.15744,-4.303189,2.41360739129595
2,60.93241,-19.6263,2.28900108090602
2,70.77527,-15.19386,2.32894452288747
2,61.57277,-19.84966,2.56528097460978
2,74.40188,-12.65376,2.90610255021602
2,76.09887,-8.812416,2.54570016032085
2,63.0071,4.700768,2.58674574643373
2,55.08188,-13.81331,2.98962556198239
2,62.74949,-7.885534,2.20967450598255
2,69.52172,-11.22383,2.70299182296731
2,72.21619,1.537016,2.14100269600749
2,86.36201,-19.03397,2.13491243869066
2,57.06537,-8.751387,2.95904244668782
2,65.3979,-1.594234,2.46334779937752
2,62.21588,-17.88168,2.80334674939513
2,66.55029,-26.34649,2.47583829890937
2,63.71606,-2.147129,2.32210817397572
2,61.24889,11.37515,2.68354866839945
2,67.01504,-13.9139,2.57980873226188
2,76.54024,7.571401,2.16122246626765
2,51.77094,-18.34046,2.38799613388255
2,85.88293,3.30276,2.6670397571288
2,61.10013,-12.41815,2.22511634742841
2,59.85202,-5.652476,2.90876154508442
2,75.82624,-20.09061,2.15469376370311
2,61.68382,-13.30922,2.76381809008308
2,57.11461,-14.71895,2.89495063340291
2,77.37225,-1.998448,2.43596844794229
2,56.9189,-5.607814,2.41692381515168
2,68.24066,-16.7783,2.98627844569273
2,70.99341,-20.21861,2.87327434774488
2,55.90017,-24.42781,2.78778354567476
2,65.72708,-12.62672,2.74199559912086
2,86.9104,-2.218481,2.597697411431
2,60.30796,-21.13974,2.28344381344505
2,58.89599,-13.65608,2.30589207587764
2,64.42315,2.896175,2.88687935681082
2,68.26449,-1.292433,2.23017314518802
2,60.80457,-16.41014,2.7751581617631
2,74.24806,-23.90477,2.29303193464875
2,68.40987,-1.351733,2.49881623103283
2,75.19914,-17.88874,2.82580041280016
2,53.99338,-16.79015,2.55266946787015
2,64.66423,-11.21753,2.62564427382313
2,78.41882,-8.131473,2.10135309165344
2,90.1256,-24.57763,2.46495853690431
2,78.52343,-23.97729,2.32918934058398
2,69.83008,-6.202702,2.92133976449259
2,76.66716,-10.95484,2.55235745245591
2,73.33869,-14.50632,2.44088378921151
2,54.61538,0.822026,2.79100260837004
2,75.07177,2.72507,2.66302468604408
2,72.55125,16.4744,2.56226794328541
2,75.25325,4.462009,2.70412467443384
2,63.05424,-12.70489,2.70424887514673
2,74.84572,-6.913638,2.20603501354344
2,81.29542,-18.13609,2.66171161737293
2,86.43307,1.7146,2.79882525186986
2,58.70364,-4.059786,2.74407874979079
2,50.14929,-14.31598,2.40616634208709
2,63.98909,-11.18955,2.40724623925053
2,65.58124,-11.16373,2.77847375231795
2,78.43384,1.611536,2.44976065866649
2,81.6864,-7.565635,2.05384736554697
2,71.32661,-24.2114,2.40150234336033
2,56.50423,-0.6708519,2.27279867092147
2,66.49155,-11.93227,2.72360091260634
2,77.01996,-7.084207,2.30279943603091
2,83.91402,-1.37213,2.6772572635673
2,69.80927,-12.62827,2.55150022893213
2,59.75429,1.039816,2.9924399626907
2,97.82028,-16.56395,2.14575066580437
2,91.93916,-1.150087,2.80295360111631
2,67.92403,-17.03266,2.61059598019347
2,61.81742,9.498615,2.97798616392538
2,71.14845,-8.638981,2.74113428546116
2,66.59299,-32.46637,2.0792085097637
2,68.46967,-30.53499,2.40541515126824
2,75.83458,-3.566499,2.30534941190854
2,79.48316,-30.80059,2.03881248133257
2,63.92749,-11.3843,2.58110763248987
2,67.65975,-9.337537,2.18056799285114
2,67.92516,4.484799,2.30968383722939
2,65.09831,-11.52629,2.86193512217142
2,70.69653,-15.15048,2.64712521270849
2,77.50496,-9.722227,2.88954824674875
2,88.75939,-10.3208,2.21364576555789
2,66.10896,-26.77577,2.12709890957922
2,48.80508,-22.4844,2.98541630641557
2,77.87479,-5.751227,2.4887598908972
2,74.65789,-8.919705,2.93636605376378
2,82.11505,-1.623908,2.73847606964409
2,73.36298,-14.60543,2.22572015714832
2,71.40567,-4.340033,2.10300269792788
2,58.62062,-10.19077,2.01048889546655
2,65.29806,2.156136,2.35798980807886
2,72.86081,-11.82809,2.17473585600965
2,71.3769,-9.252214,2.24236549832858
2,84.13732,8.626088,2.23430949496105
2,70.62952,-29.13831,2.54078099341132
2,74.71705,-17.16086,2.85160729032941
2,69.74262,-8.386807,2.12907703081146
2,72.60228,-4.416259,2.04285841016099
2,62.13006,-22.79853,2.05520049016923
2,60.11729,11.88867,2.97734417114407
2,76.74555,-17.36389,2.40192062640563
2,67.41577,-9.266467,2.68829321814701
2,73.11009,-23.10049,2.05856613186188
2,79.32548,-15.70281,2.95840358152054
2,104.3766,4.351511,2.39962474559434
2,66.86716,-19.87777,2.27275731903501
2,89.33103,-12.80378,2.05953966244124
2,35.74094,-24.00127,2.81754742702469
2,76.09913,-18.21636,2.06888321205042
2,69.3201,-5.764337,2.4931705952622
2,64.45351,-9.646416,2.32522360770963
2,81.06175,-21.19148,2.43032563081942
2,58.83277,-3.300213,2.90751148713753
2,59.77071,-6.573427,2.13412439706735
2,69.73292,-22.09676,2.20129728317261
2,66.791,-10.47102,2.72047698963434
2,49.65516,-1.869738,2.15736278123222
2,70.70066,-15.89514,2.58420266257599
2,72.20053,-12.37627,2.29099977412261
2,65.95326,-16.93183,2.15932181314565
2,74.20015,-14.89715,2.99939762265421
2,72.81212,-3.046355,2.98810514458455
2,57.88044,-4.081336,2.16418058704585
2,48.90072,-21.98084,2.35481083276682
2,61.67483,4.149319,2.76737706456333
2,72.80554,-5.543254,2.58284811559133
2,82.24438,-8.71373,2.37039725156501
2,68.85194,-0.9684211,2.25722821149975
2,70.258,-5.573562,2.90391892334446
2,51.29503,3.890627,2.7344324439764
2,71.87862,1.95838,2.58266086131334
2,74.26682,0.2268598,2.97307274956256
2,73.88967,-4.138421,2.72446746542118
2,72.43866,-8.70207,2.84742397931404
2,68.84693,-4.473853,2.45320122037083
2,67.4579,-11.51909,2.95318845636211
2,63.23736,-4.332619,2.95027689333074
2,67.04572,-8.749687,2.33576504071243
2,61.14106,-20.12918,2.37502805422992
2,59.06593,-36.59645,2.27922084298916
2,63.0932,-9.511965,2.86786697269417
2,64.19505,-4.122554,2.23987527238205
2,69.14382,-6.864115,2.17476675589569
2,68.2186,-13.96171,2.06044198269956
2,80.78812,-21.61113,2.66666653333232
2,62.15595,-5.59855,2.27473654528148
2,76.2021,-0.3535414,2.02895502373576
2,67.71612,-21.95391,2.8899410921149
2,66.87748,-13.76373,2.23329690285027
2,81.16841,-12.7322,2.3018990047276
2,77.52612,-16.85477,2.98616584762931
2,73.13333,-14.03496,2.06809937022626
2,62.92608,-13.9975,2.40486141038127
2,51.79126,6.185827,2.26777359563857
2,69.15686,-9.004087,2.98944506887347
2,62.27294,-7.576707,2.12605056958273
2,62.86968,-8.90002,2.76505804364569
2,59.75554,-18.64859,2.06792373233475
2,55.93825,-5.324996,2.46782215661369
2,63.37816,8.626922,2.3246608695481
2,89.06512,-18.00787,2.12451393040828
2,59.49207,-21.839,2.70701476186514
2,63.0717,4.1653,2.83767547598109
2,74.18266,-14.39385,2.25650948029943
2,72.99597,-21.99502,2.26829389086924
2,74.54878,0.68999,2.03624775935896
2,72.79072,-13.42379,2.6907213088125
2,68.58779,0.4890194,2.21283552935347
2,83.4991,-3.712483,2.96109356777743
2,85.60566,-2.347389,2.53694476746023
2,49.33336,-16.45131,2.22720083454624
2,80.25808,-17.90534,2.06466572731733
2,73.99424,-3.416731,2.40887254360132
2,71.49039,-32.68723,2.33280896698125
2,75.56422,-35.10705,2.79842523206025
2,50.77177,-5.560257,2.9267965760082
2,63.31959,3.695687,2.87342187878676
2,62.63376,-20.60124,2.26726798270829
2,72.48474,-9.643281,2.31526049366221
2,55.5865,-23.30693,2.26927861408331
2,51.66027,-29.96612,2.78283549915068
2,53.65475,-5.412206,2.68424379080534
2,89.75272,-8.296798,2.94347045081668
2,60.46186,2.98287,2.4616444115527
2,80.376,-11.60401,2.40817868639715
2,61.82472,-13.03964,2.67550687119365
2,73.42504,-12.02837,2.06941228942014
2,72.77863,1.591326,2.3324471146334
2,67.30395,-22.65711,2.21186897554435
2,71.1454,-6.820285,2.24015770899132
2,91.37652,-10.32453,2.49277971382253
2,70.45771,-2.015341,2.96100501483306
2,65.35571,-2.156085,2.07115699443966
2,86.14405,-6.644713,2.64266013307497
2,40.98589,-20.96894,2.85789088718593
2,85.28412,-16.27302,2.53848140174523
2,84.69904,-11.24636,2.33671374293044
2,78.1619,-22.53974,2.84846214298159
2,63.30449,-7.136283,2.39650616352446
2,50.9626,-0.5868152,2.65466316859238
2,78.5982,-24.0221,2.18308566091582
2,71.42413,-15.80383,2.98448036029004
2,73.3584,1.431008,2.54509156779386
2,63.5102,-10.89118,2.02650603139773
2,64.3641,-38.68109,2.91341019864194
2,79.91314,-16.89974,2.23842495679855
2,70.61451,-13.64807,2.41373396734707
2,77.37191,-29.6917,2.78521858318709
2,62.43318,4.515735,2.26631853566505
2,66.53034,-23.73638,2.15320986113511
2,53.39924,-8.951078,2.65873979660682
2,82.79707,-3.406174,2.54588081035763
2,65.8034,-11.19213,2.68836888601072
2,87.72446,-1.788042,2.33436799934134
2,68.37877,-11.21265,2.43365438212641
2,76.46407,1.250499,2.04320133430883
2,67.35838,-1.977294,2.84812029334716
2,89.75777,-20.19515,2.93608667561784
2,71.4421,-6.040679,2.59001551335678
2,74.56606,-8.156192,2.53424734994769
2,68.46404,-7.432018,2.38597565703094
2,78.44227,-13.59282,2.11586414673366
2,73.10613,5.701017,2.18613111344166
2,62.34706,-22.54894,2.86317438608967
2,51.82533,-14.28696,2.9930655490607
2,70.39661,-5.694306,2.94575478648767
2,76.49829,-4.378538,2.3140581541229
2,61.48431,-16.31903,2.82918493496254
2,61.80352,1.297201,2.92006077920087
2,76.0211,-7.230398,2.8513442738913
2,60.64451,7.604861,2.07432633661665
2,71.70814,-12.86116,2.11531042214483
2,76.83708,-18.12474,2.44985396205448
2,78.40622,-18.09712,2.44342858553864
2,68.72024,-23.95237,2.37817925889976
2,50.06301,-20.20353,2.75326401554048
2,87.69692,-11.42972,2.11555933416821
2,86.99997,4.574135,2.38171568373218
2,68.19161,-20.04976,2.55022188066505
2,68.08471,-28.09651,2.97724722605199
2,64.0625,-10.7499,2.57811618852429
2,74.93968,-13.94003,2.20464480738156
2,74.13194,-7.691431,2.48663263162598
2,67.39908,-22.57539,2.27314245211892
2,73.78174,0.6641589,2.99064173991792
2,55.11437,-11.70788,2.64478026796132
2,82.80132,-13.10405,2.47875203378499
2,61.3069,7.839162,2.17788407672197
2,66.26919,-2.282228,2.82787910406478
2,59.19792,-11.32849,2.0294829774648
2,62.44526,-30.15219,2.31050071143545
2,49.19779,-11.71951,2.04251916520298
2,72.94774,-8.344704,2.73712883889675
2,59.87773,-5.742763,2.87792482017539
2,73.47509,-4.283149,2.57020810106769
2,85.36645,-16.46919,2.61607916490175
2,69.38539,-1.906945,2.72535584541038
2,62.15073,-5.052795,2.69948073779233
2,64.23726,-13.3351,2.2800276868511
2,72.92104,0.791644,2.8661272265017
2,77.48227,-23.13051,2.36922855116427
2,77.34316,3.181548,2.98661886365153
2,69.85361,-9.066127,2.69371932791546
2,70.68102,-3.58606,2.54263819311745
2,84.16232,-24.39767,2.32499771844596
2,57.46576,4.544234,2.26706488826312
2,63.88039,1.74088,2.97093584248796
2,92.76103,1.320703,2.58198816888034
2,86.41515,-12.48442,2.24123359448276
2,63.23813,0.6457113,2.19753472856246
2,72.81642,-17.78091,2.83173389453441
2,52.98323,1.240638,2.55771758919582
2,66.03696,-15.12986,2.88942662021145
2,63.82113,-8.541133,2.97414258355275
2,84.74937,-21.77988,2.09097584942356
2,66.82718,-18.49357,2.21642994135618
2,66.8739,-7.117552,2.15498486091383
2,90.11309,-13.73802,2.70945142535493
2,43.88975,-13.82,2.54703498003073
2,81.08251,-12.44169,2.30860585649498
2,62.29297,-16.46992,2.11585426027887
2,58.55329,-23.56855,2.86184381600469
2,56.00959,8.877159,2.89554744353518
2,76.57934,-6.173397,2.7206943356432
2,82.2019,-6.965297,2.2465928576421
2,73.04178,-14.76294,2.8192457316909
2,69.56355,-12.55183,2.43537763459608
2,52.04093,-14.04998,2.67996813985519
2,73.3532,-7.789966,2.28059395914897
2,63.90973,-12.61178,2.542570726946
2,50.83435,-1.439128,2.77377366297878
2,72.19453,-16.44232,2.80274640792049
2,74.73565,-25.90802,2.67311248881742
2,68.85865,-10.91415,2.1583549559582
2,80.10725,-4.844485,2.13739730743691
2,73.59379,-2.30054,2.93972853710875
2,64.91755,-17.79653,2.10950511461124
2,69.18629,-1.345729,2.13644006894901
2,56.67511,-19.89974,2.12812967691571
2,63.84701,7.070253,2.19164960645139
2,73.52853,-4.305105,2.6936165811494
2,77.77298,-20.97871,2.50710713630542
2,66.58747,-16.51202,2.79077810398303
2,74.68619,-13.78516,2.91147116245702
2,82.44135,-3.198811,2.59096607146785
2,52.30627,-19.96528,2.46575673529878
2,69.2922,-8.165172,2.16646400024183
2,64.40332,11.5388,2.15013527777046
2,87.83745,-5.797536,2.55460841930471
2,73.06476,2.346044,2.59894226514734
2,58.63267,1.1054,2.821652257815
2,74.55995,-14.94582,2.42791818617843
2,74.27044,-21.81354,2.05973767535761
2,50.25447,-9.793256,2.49956008186564
2,62.09312,-22.10528,2.15108824335039
2,87.61305,0.8871884,2.23151906835847
2,79.40338,3.454682,2.14522382384166
2,77.56643,17.25978,2.31218228768557
2,87.67891,-5.012097,2.80715828784741
2,67.52089,0.5997717,2.76790077192709
2,79.92055,-2.785855,2.02936560357921
2,71.32548,-6.040786,2.62875249469653
2,57.68811,-26.8179,2.33273717178963
2,85.23694,-7.594193,2.41407012171112
2,64.65368,-8.68329,2.57538630231284
2,61.31142,11.2666,2.8314088487532
2,59.06764,7.588652,2.96947837690823
2,87.76017,-11.61341,2.13202099991031
2,68.24614,-26.37716,2.94255518470891
2,64.45452,-2.222824,2.64719010004774
2,65.53308,-29.09276,2.05123121943325
2,63.89614,-19.10272,2.31430346122943
2,80.11442,13.05422,2.00433937087655
2,53.4408,-4.50005,2.47154337004758
2,71.92873,-16.93747,2.88265706948005
2,61.59669,-10.75492,2.09279624209739
2,66.93093,-13.78257,2.19178573414683
2,50.34516,-9.613154,2.01983031001873
2,72.01345,-13.67514,2.07374052982777
2,83.8145,-24.73408,2.43479117564857
2,78.27926,-0.2117256,2.27377897733822
2,63.37316,-5.140422,2.59392185648903
2,67.56707,1.263094,2.52560808788985
2,78.30576,-2.315313,2.11493721348234
2,64.15815,-9.960403,2.51321809436195
2,58.67935,-5.187703,2.98791853780858
2,84.99193,-25.74853,2.98400518787093
2,66.11341,-4.922376,2.8073867126368
2,74.52394,-1.039614,2.62784616625868
2,70.64279,-8.465358,2.59748483146541
2,89.6064,0.470834,2.33789901598357
2,76.0323,-3.837667,2.51476312382147
2,75.88329,-11.40071,2.88895724876784
2,91.41507,-18.58123,2.98435821174644
2,75.96584,-5.74556,2.36956285894848
2,56.82018,-18.1518,2.32375046471134
2,65.26213,-1.156317,2.13063816912472
2,72.5354,-20.20325,2.68004873394966
2,42.97974,-8.860008,2.62555120419711
2,58.11489,-18.28166,2.55490789795294
2,73.26022,-11.98803,2.58388885203749
2,77.94697,-12.41635,2.94839136512019
2,71.2361,-8.819086,2.26540246745571
2,80.56624,7.036737,2.98820487479679
2,88.41406,-13.11624,2.76448665605858
2,72.93951,-8.774334,2.8579040360637
2,71.42486,-6.568674,2.59454546822235
2,85.37737,-2.574961,2.48311850382015
2,60.69893,4.760236,2.86799834738486
2,84.41388,-6.605288,2.1377628473565
2,78.85013,-11.48461,2.14442432601936
2,72.23627,-3.34833,2.81065809098072
2,79.51451,-7.224457,2.69630084163509
2,70.81757,-20.52531,2.27216848940589
2,79.3355,-17.01338,2.86775151290931
2,83.92007,-18.97531,2.36637036013417
2,64.99888,-4.225446,2.59979545557871
2,70.30046,4.675978,2.71497513260692
2,72.4469,-14.50134,2.47938947402872
2,65.32914,-20.57936,2.86554010142572
2,69.68672,-8.770884,2.57831898005679
2,82.80947,-2.210701,2.28664044919424
2,66.12637,-24.65817,2.43560248543508
2,74.31614,0.4964872,2.16446723951958
2,62.74274,-19.14187,2.5409076504875
2,66.71625,-1.28301,2.69051854708232
2,52.76581,2.249599,2.39111717161722
2,64.23697,2.673515,2.06202721456066
2,82.93062,-20.18061,2.52667520707473
2,36.50027,-21.49223,2.16763056162745
2,103.9198,-25.94061,2.49485655874014
2,78.92066,-12.20063,2.86024399870075
2,71.31289,4.678265,2.43387603014708
2,70.89019,15.4043,2.54021921823733
2,87.70451,-15.3165,2.03785129473545
2,58.66569,-4.894761,2.19476304179989
2,65.94133,-0.4717233,2.03059895290062
2,53.61497,-20.94196,2.58069413644262
2,80.81969,-30.37179,2.87758589442819
2,67.59589,-2.237453,2.76238838257268
2,70.45368,-14.35,2.7374186119996
2,52.61427,-5.968235,2.9308589186985
2,67.05727,-18.36929,2.58143623289652
2,80.33527,10.0038,2.27111908537336
2,65.81659,-7.695396,2.48799837986007
2,58.66797,-6.653395,2.66388256871141
2,63.55366,-33.60001,2.27692951029167
2,72.77927,-2.60152,2.46580452169292
2,70.05731,-6.740457,2.2486954969354
2,63.67471,-19.57441,2.44008470699191
2,61.41443,-12.56155,2.53162624686956
2,59.91931,-11.40836,2.68051384296268
2,54.54313,-9.975537,2.35573415458202
2,70.58784,-9.452148,2.92063612490892
2,53.50132,-11.88279,2.44597585685551
2,72.78958,-28.22006,2.583951797802
2,76.30181,-6.231672,2.96253376151435
2,51.48873,-31.35942,2.0980475153774
2,82.67635,-19.14385,2.93091869959608
2,64.73662,-20.46305,2.6925102698151
2,89.92531,-10.70861,2.07973881694488
2,82.33732,-6.081996,2.39011202799156
2,67.7835,-13.78307,2.2225388053339
2,82.0141,8.581901,2.74483960447833
2,65.64449,-3.324757,2.18995105451904
2,58.89835,-22.79558,2.90187331475317
2,50.28286,4.203121,2.50309805083089
2,68.29051,-13.59784,2.22120480495505
2,85.31325,-9.977645,2.71246729930863
2,93.10153,-14.48068,2.19602958066389
2,64.6744,-1.08624,2.59232696611434
2,72.97454,0.8260532,2.84288348793052
2,74.51596,-9.207847,2.9866985375993
2,68.41306,-2.750809,2.54169442737475
2,75.30674,-4.204458,2.99147517653182
2,53.84029,-12.40979,2.10767753841355
2,67.35263,-0.3542486,2.8901588099543
2,67.39329,-32.9488,2.50736163090914
2,56.93941,-4.871946,2.93835626239888
2,69.12279,5.317039,2.80590788158588
2,57.22761,-5.167954,2.82794842426665
2,76.05929,-5.569526,2.39884388027713
2,59.81583,-4.150285,2.08401068346575
2,64.30557,-27.2714,2.76785569335334
2,59.1149,-16.25977,2.45320248301141
2,91.61397,-12.11007,2.66802518651821
2,78.31008,-16.3773,2.69381770305336
2,68.59947,0.7928145,2.66471992712468
2,68.01685,1.108887,2.98146142391488
2,82.84614,-12.49169,2.71778972889297
2,49.51263,-0.5111645,2.63156689936295
2,69.8973,-34.17,2.10631594224833
2,84.17337,-4.631359,2.90569875924848
2,78.89444,-24.29788,2.55422701267526
2,70.69758,9.444025,2.39380072173662
2,61.77013,-19.68894,2.96291327662766
2,78.0163,4.23549,2.96184343285859
2,73.54946,-16.09942,2.81812736112624
2,55.73493,-12.74454,2.3009790587239
2,65.89819,13.69386,2.86033495678566
2,57.39889,-13.82744,2.51478972169571
2,63.04364,-27.31653,2.68406587210484
2,90.12375,-18.2544,2.05540276691318
2,64.38116,-23.61167,2.09862560802139
2,63.44825,-5.62352,2.25379333551973
2,72.94678,-17.25217,2.06857320829295
2,52.57834,-13.12009,2.72658211016096
2,63.63273,5.738944,2.98473150050268
2,71.99254,-10.99059,2.53779801120982
2,72.39277,-4.811533,2.65127080446109
2,79.11701,-4.512673,2.72027301648632
2,51.93237,-17.86623,2.96665246435441
2,70.43403,-21.59988,2.95571340923198
2,73.80844,-2.224638,2.46369521506131
2,81.84084,-19.73066,2.91865096311085
2,60.51824,-7.986829,2.02471957635134
2,76.27817,-26.23452,2.9769480668474
2,72.43248,-18.91511,2.30453783646226
2,68.76535,1.418947,2.52271716622636
2,60.72785,2.763541,2.95618583355099
2,68.29949,-11.58326,2.3861130126752
2,71.62149,-26.87554,2.07062248210423
2,70.59952,-5.845408,2.41133439866826
2,80.10539,-10.8262,2.68292150786147
2,70.75399,10.09409,2.55117259849794
2,61.23998,-21.44423,2.46620397805236
2,68.3528,8.337489,2.99810732784681
2,61.51666,-12.43442,2.77092982479371
2,71.43109,-0.006148352,2.32278756122105
2,62.02735,-24.19875,2.12131520360708
2,61.78095,1.968633,2.017524094088
2,98.66974,-2.164127,2.21173790865578
2,73.01436,-1.722455,2.10363218165003
2,82.94384,-0.9408177,2.51631123269908
2,80.52203,-13.20871,2.69152548979037
2,53.52886,-3.686721,2.44800593564287
2,70.67194,-0.7722773,2.37980264192447
2,56.81425,-13.70458,2.0310260897968
2,72.37652,-26.52538,2.13258496648632
2,49.83153,-8.861414,2.95643056067638
2,70.16466,-18.97082,2.84121483121999
2,72.25542,17.13289,2.26432407367975
2,69.0665,2.742776,2.09683485981077
2,57.83613,-1.477452,2.97019053809345
2,75.97397,-22.84942,2.85565929953009
2,68.33255,0.6976613,2.87226949632168
2,60.67356,-8.95394,2.81240738229826
2,61.20472,-14.9268,2.11912636365741
2,65.426,-8.987577,2.58669572230428
2,77.37339,-3.91479,2.68090022192337
2,65.88091,-24.6382,2.43287193239667
2,68.68376,-26.48481,2.73952294909395
2,83.17385,-11.66942,2.00602632272057
2,69.57142,-1.19085,2.78828039602377
2,87.76274,-12.09585,2.09705606568605
2,64.25253,-4.659249,2.58517985488288
2,58.7633,-9.553751,2.92562265275046
2,87.6779,-14.57468,2.42341192066669
2,84.77952,-28.19338,2.00793204666115
2,44.48759,-28.91912,2.33585704979487
2,71.15801,-4.96975,2.87331106490456
2,81.11289,1.820294,2.28709543589503
2,69.6739,-13.50128,2.43297970271669
2,77.81984,-29.2818,2.65599137078971
2,74.59189,-6.969018,2.04736599093303
2,87.18534,-7.561814,2.10753739997745
2,80.60636,4.67578,2.12846933142282
2,84.97687,-20.77276,2.27292505698279
2,79.38887,18.96587,2.61480615916662
2,73.09005,-9.938504,2.15384429157712
2,83.21137,-35.36076,2.14823903678916
2,54.64416,-10.79429,2.34144165390171
2,73.64229,-16.80874,2.14358437689953
2,68.84037,-3.089466,2.55319599551149
2,75.82528,-25.17796,2.45418639224954
2,77.2142,-21.17232,2.68636035756208
2,62.69973,-11.28403,2.14698113850318
2,65.87854,-18.35437,2.79896847298369
2,65.8312,-12.80048,2.28363144327886
2,69.75814,-6.189078,2.1564579368569
2,68.61625,-15.98461,2.73164988053031
2,64.98134,-16.78327,2.01988518238068
2,64.85876,-9.286581,2.85799184720963
2,66.79546,-17.6295,2.94652862637304
2,43.56437,-14.07815,2.71401420957409
2,68.28453,-0.05283603,2.99239689903334
2,53.97722,-18.11732,2.4939477359876
2,72.37554,-14.15102,2.88712707860395
2,45.12958,6.069386,2.38628462445922
2,79.23594,-7.783267,2.01427760487422
2,67.89267,-20.79489,2.19589201756753
2,77.45593,-6.610437,2.35584083106369
2,67.28255,-3.456408,2.77290773694403
2,77.23093,-4.179791,2.84169296291657
2,77.14531,-16.25022,2.27246553450823
2,60.35104,-16.18723,2.01088157924823
2,65.31193,-16.61032,2.15261832135729
2,77.93611,-32.70189,2.34882199554704
2,79.88167,-9.25513,2.92688649124466
2,64.06412,-5.053665,2.45949439588003
2,55.65335,-2.352454,2.11927778832614
2,60.33708,-0.5121532,2.81507786014117
2,69.20068,-13.57959,2.31844999198802
2,62.69723,-10.16704,2.72431000857614
2,66.39989,-5.404058,2.96736365254037
2,60.86256,-17.94243,2.65279881586321
2,74.03131,-25.69833,2.35899945627898
2,82.44264,-17.38876,2.06741259759292
2,71.05727,-20.94383,2.11870439071208
2,80.91493,-5.505733,2.17189716477878
2,74.19766,-3.398674,2.03117198473774
2,73.76104,-9.804844,2.82797800959088
2,69.15085,-27.33672,2.86806296464056
2,73.74459,-22.24747,2.06675480795093
2,93.63296,-10.36324,2.32343143527396
2,72.05005,-1.98867,2.66189339850098
2,79.09497,-17.7693,2.43507590400986
2,52.66147,-12.10119,2.07693753088824
2,91.25622,-26.76765,2.52875049086288
2,69.69169,-7.789096,2.93551526078954
2,47.71091,-6.095375,2.14300771034323
2,55.00807,11.56722,2.38580550905317
2,67.68167,-9.785644,2.37891399976797
2,65.44644,-12.13077,2.51007027016021
2,84.56817,-6.077383,2.08757024398074
2,97.56903,-14.44639,2.46579398051836
2,53.24852,-11.41788,2.50318536208943
2,67.16991,-4.073038,2.73409682814963
2,62.42045,-16.2767,2.70206491253339
2,59.63564,-37.79037,2.40933123836294
2,78.52355,-6.868666,2.13186778337695
2,68.07284,-9.450905,2.53259295737371
2,64.40905,-17.32569,2.46294431155547
2,83.58873,-10.16413,2.03849159064703
2,83.71054,-7.567408,2.96143528423272
2,76.59972,-8.598391,2.73740922752768
2,65.59871,-5.515496,2.25486078718677
2,64.16531,-8.239429,2.27609597309493
2,72.31848,-28.37739,2.23418062529527
2,72.89074,-13.08401,2.84590384387411
2,71.85983,-7.281507,2.69229042739607
2,74.98594,4.9548,2.97239947039634
2,68.01299,-12.93427,2.02468981244601
2,71.72321,-7.872746,2.19917372753844
2,85.0203,-22.10981,2.50194490444846
2,66.09438,0.7196266,2.66482616309077
2,85.76525,-15.94158,2.36648752097972
2,75.29033,-20.52493,2.78151817852631
2,69.05731,-16.42671,2.26894168206491
2,84.21595,-13.29946,2.53408587048762
2,69.43209,-7.778993,2.21709324372932
2,69.3489,-16.70996,2.33490204671398
2,67.496,0.7695373,2.380675483495
2,54.37956,-2.373576,2.51446421956643
2,55.37194,-8.759966,2.22562782373279
2,65.99169,-4.956535,2.53025701874867
2,82.59654,-29.84639,2.20863855187781
2,80.10463,-11.9095,2.69039131258614
2,62.44377,-16.1361,2.0809643084649
2,87.34288,-11.94191,2.97061082767323
2,63.13534,-32.47361,2.61321991868317
2,80.38442,-12.19301,2.73136573564261
2,53.62364,-20.69438,2.96708176494576
2,70.99268,-3.287801,2.51341748703271
2,92.67575,-16.18462,2.5009561215993
2,65.15415,-7.422444,2.8300213762559
2,79.33412,-22.18659,2.78318469366059
2,69.03038,-13.70663,2.02984190848656
2,85.09824,-11.31437,2.10558993648738
2,75.07559,-1.20056,2.30984936258756
2,74.90408,-31.59422,2.52382744778879
2,51.66653,5.64022,2.9253813859541
2,77.56271,-12.51884,2.40155017608777
2,83.9768,-15.20381,2.62134954496287
2,52.63898,0.2466355,2.88484044698998
2,64.80269,-19.89357,2.19349982240237
2,60.91487,-5.64697,2.60554799367674
2,76.31144,-13.2713,2.88297556876205
2,72.70005,-17.95129,2.76753066410311
2,54.85474,-4.231365,2.27541830926202
2,60.46303,-11.15464,2.49445875547826
2,73.09839,-14.09135,2.84954879223369
2,58.33049,-24.54733,2.58557654661126
2,78.08799,4.297182,2.13234174484387
2,61.18767,-32.67201,2.32422259217128
2,76.27331,-27.69607,2.80734240775928
2,67.0222,-35.01962,2.04943147255108
2,83.54788,1.910021,2.28912261407822
2,54.19945,-13.45955,2.84121297043748
2,67.80528,4.444605,2.27870807703584
2,87.90198,14.85406,2.48185410257429
2,62.05761,-0.1845935,2.12863131728955
2,67.43387,-4.600472,2.34112361795269
2,51.20422,-7.37377,2.56211388646625
2,83.53147,-4.596114,2.80407252605073
2,63.07033,-10.09449,2.69604681595229
2,62.59971,-7.99627,2.66400775872171
2,68.3894,-1.819404,2.90241518360563
2,75.60424,-8.007767,2.52053817221895
2,51.39455,-7.560444,2.14011895284057
2,54.05743,-30.14147,2.32712656352669
2,54.21433,0.976269,2.44443957228214
2,66.1136,-2.307693,2.79104458983056
2,72.98232,-21.41706,2.10769089916721
2,63.47237,0.4243742,2.13772832299583
2,67.75566,-3.700921,2.85007168329321
2,59.91527,-4.502811,2.11190462880768
2,59.59558,19.35797,2.99135592975654
2,74.9352,2.191131,2.96382796927355
2,59.33881,-18.74531,2.68517337972298
2,79.36212,5.214438,2.14978294097818
2,82.11814,-13.61926,2.6607041102834
2,83.82712,-38.7955,2.8419726351276
2,74.61884,-11.33446,2.2463878528215
2,61.73203,-5.572901,2.35582017712295
2,68.48677,-23.12137,2.54554705996998
2,69.30094,-27.30873,2.64471288630739
2,56.70621,-17.45695,2.5317182042636
2,71.53534,0.8623792,2.92319021187723
2,76.21033,7.055012,2.43287125066854
2,63.84636,-17.7283,2.64553252398036
2,66.25222,-3.913034,2.34460527985357
2,81.44768,-24.24757,2.71995305595919
2,62.67937,-20.08821,2.63282980793156
2,54.33532,1.649464,2.93935902393423
2,75.66274,-15.75875,2.61402935464866
2,80.03555,-14.61174,2.88861789577641
2,60.50964,-18.80588,2.83701049885713
2,69.59802,-15.57155,2.15621145651676
2,63.66285,-30.48215,2.80327945947647
2,56.05253,-7.357508,2.70979449036531
2,64.07648,-4.398561,2.15095504047349
2,64.70491,-10.37657,2.17979625798762
2,80.56889,14.50799,2.11242644139566
2,86.61128,-7.867749,2.95078072883189
2,76.73148,-16.83939,2.54123332118616
2,68.25068,-7.142002,2.20159576623701
2,83.53589,-22.03176,2.45992291159928
2,84.63376,-10.65431,2.92198999924585
2,59.70858,-7.02261,2.1050135800615
2,66.62059,0.2782472,2.55500388541259
2,79.4429,-20.8802,2.96259665163234
2,59.14149,-3.268589,2.48625192954205
2,62.93142,-9.67255,2.34458053158596
2,76.28171,6.197267,2.88306181924418
2,81.7813,-17.89441,2.07944515929557
2,49.64519,-20.29111,2.02522618835792
2,58.37999,-12.982,2.42112247203477
2,74.68241,-22.74285,2.0865549496375
2,88.04622,2.73894,2.67991588683799
2,41.72015,-7.237918,2.2381770289503
2,61.91275,-12.98729,2.46576651721261
2,74.79148,-17.63764,2.78204871225171
2,61.99087,-15.7656,2.94399609579705
2,82.01159,-18.70377,2.96137904538773
2,78.71038,-15.10186,2.7399221342057
2,85.51906,-22.09427,2.11309755779803
2,76.5364,-11.39254,2.01130072167143
2,48.34201,-9.15055,2.30562676861882
2,69.69287,-7.067629,2.31292177294381
2,79.86285,-16.01771,2.19512165081687
2,69.80298,4.93805,2.93621241371147
2,83.65175,-18.73922,2.42393332580104
2,85.6528,-6.461061,2.02426992263645
2,82.77088,-2.373299,2.56145020085387
2,64.46532,-10.50136,2.88607299746946
2,90.72282,-12.25584,2.39440478407778
2,64.87976,-24.87731,2.97884576208889
